Workbook

Sheet Props Tracker
A1: ⚾ Analytic Overview — Daily Props Tracker
A2: Fill in Result columns after games: 1 = hit, 0 = miss. P&L auto-calculates. Odds columns use American format (e.g. +550, -110).
A3: Date | B3: Player | C3: Team | D3: Score | E3: vs Pitcher | F3: HR Odds | G3: 2H Odds | H3: 3H Odds | I3: HR Result | J3: 2H Result | K3: 3H Result | L3: HR P&L ($) | M3: 2H P&L ($) | N3: 3H P&L ($) | O3: Day P&L ($) | P3: Average HR odds | Q3: Average 2H Odds | R3: Average 3H Odds | S3: HR Profit | T3: 2H profit | U3: 3H profit | V3: 1H Odds | W3: 1H Result | X3: 1H P&L ($) | Y3: Average 1H Odds | Z3: 1H break-even
A4: 2026-08-13 ← example row | B4: Yordan Alvarez | C4: HOU | D4: 186 | E4: vs R. Gilbert (R) | F4: +480 | G4: +210 | H4: +950 | L4: =IFERROR(IF(I4="","",IF(I4=1,IF(F4>0,F4/100,100/ABS(F4)),-1)),"") | M4: =IFERROR(IF(J4="","",IF(J4=1,IF(G4>0,G4/100,100/ABS(G4)),-1)),"") | N4: =IFERROR(IF(K4="","",IF(K4=1,IF(H4>0,H4/100,100/ABS(H4)),-1)),"") | O4: =IF(COUNT(I4,J4,K4,W4)=0,"",SUM(L4,M4,N4,X4)) | P4: =AVERAGE(F5:F400) -> 487.66667 | Q4: =AVERAGE(G5:G400) -> 245.55556 | R4: =AVERAGE(H5:H400) -> 1161.1111 | S4: =(1/((P4/100)+1))*100 -> 17.016449 | T4: =(1/((Q4/100)+1))*100 -> 28.938907 | U4: =(1/((R4/100)+1))*100 -> 7.9295154 | V4: -165 | X4: =IFERROR(IF(W4="","",IF(W4=1,IF(V4>0,V4/100,100/ABS(V4)),-1)),"") | Y4: =IFERROR(AVERAGE(V5:V400),0) -> -231.73333 | Z4: =IF(Y4=0,"",IF(Y4>0,(1/((Y4/100)+1))*100,(ABS(Y4)/(ABS(Y4)+100))*100)) -> 69.855305
A5: 46259 | B5: Bryce Harper | C5: PHI | D5: 172.6 | F5: 481 | G5: 276 | H5: 1360 | I5: 0 | J5: 1 | K5: 0 | L5: =IFERROR(IF(I5="","",IF(I5=1,IF(F5>0,F5/100,100/ABS(F5)),-1)),"") -> -1 | M5: =IFERROR(IF(J5="","",IF(J5=1,IF(G5>0,G5/100,100/ABS(G5)),-1)),"") -> 2.76 | N5: =IFERROR(IF(K5="","",IF(K5=1,IF(H5>0,H5/100,100/ABS(H5)),-1)),"") -> -1 | O5: =IF(COUNT(I5,J5,K5,W5)=0,"",SUM(L5,M5,N5,X5)) -> 1.2575124 | V5: -201 | W5: 1 | X5: =IFERROR(IF(W5="","",IF(W5=1,IF(V5>0,V5/100,100/ABS(V5)),-1)),"") -> 0.49751244
A6: 46259 | B6: Alec Burleson | C6: STL | D6: 162.3 | F6: 535 | G6: 169 | H6: 780 | I6: 0 | J6: 0 | K6: 0 | L6: =IFERROR(IF(I6="","",IF(I6=1,IF(F6>0,F6/100,100/ABS(F6)),-1)),"") -> -1 | M6: =IFERROR(IF(J6="","",IF(J6=1,IF(G6>0,G6/100,100/ABS(G6)),-1)),"") -> -1 | N6: =IFERROR(IF(K6="","",IF(K6=1,IF(H6>0,H6/100,100/ABS(H6)),-1)),"") -> -1 | O6: =IF(COUNT(I6,J6,K6,W6)=0,"",SUM(L6,M6,N6,X6)) -> -2.6996997 | V6: -333 | W6: 1 | X6: =IFERROR(IF(W6="","",IF(W6=1,IF(V6>0,V6/100,100/ABS(V6)),-1)),"") -> 0.3003003
A7: 46259 | B7: Yandy Diaz | C7: TBR | D7: 160.2 | F7: 810 | G7: 190 | H7: 850 | I7: 0 | J7: 0 | K7: 0 | L7: =IFERROR(IF(I7="","",IF(I7=1,IF(F7>0,F7/100,100/ABS(F7)),-1)),"") -> -1 | M7: =IFERROR(IF(J7="","",IF(J7=1,IF(G7>0,G7/100,100/ABS(G7)),-1)),"") -> -1 | N7: =IFERROR(IF(K7="","",IF(K7=1,IF(H7>0,H7/100,100/ABS(H7)),-1)),"") -> -1 | O7: =IF(COUNT(I7,J7,K7,W7)=0,"",SUM(L7,M7,N7,X7)) -> -4 | V7: -280 | W7: 0 | X7: =IFERROR(IF(W7="","",IF(W7=1,IF(V9>0,V9/100,100/ABS(V9)),-1)),"") -> -1
A8: 46259 | B8: Miguel Vargas | C8: CWS | D8: 160.2 | F8: 446 | G8: 322 | H8: 1680 | I8: 0 | J8: 1 | K8: 0 | L8: =IFERROR(IF(I8="","",IF(I8=1,IF(F8>0,F8/100,100/ABS(F8)),-1)),"") -> -1 | M8: =IFERROR(IF(J8="","",IF(J8=1,IF(G8>0,G8/100,100/ABS(G8)),-1)),"") -> 3.22 | N8: =IFERROR(IF(K8="","",IF(K8=1,IF(H8>0,H8/100,100/ABS(H8)),-1)),"") -> -1 | O8: =IF(COUNT(I8,J8,K8,W8)=0,"",SUM(L8,M8,N8,X8)) -> 1.7786592 | V8: -179 | W8: 1 | X8: =IFERROR(IF(W8="","",IF(W8=1,IF(V8>0,V8/100,100/ABS(V8)),-1)),"") -> 0.55865922
A9: 46259 | B9: Jordan Walker | C9: STL | D9: 158.5 | F9: 620 | G9: 260 | H9: 1260 | I9: 0 | J9: 0 | K9: 0 | L9: =IFERROR(IF(I9="","",IF(I9=1,IF(F9>0,F9/100,100/ABS(F9)),-1)),"") -> -1 | M9: =IFERROR(IF(J9="","",IF(J9=1,IF(G9>0,G9/100,100/ABS(G9)),-1)),"") -> -1 | N9: =IFERROR(IF(K9="","",IF(K9=1,IF(H9>0,H9/100,100/ABS(H9)),-1)),"") -> -1 | O9: =IF(COUNT(I9,J9,K9,W9)=0,"",SUM(L9,M9,N9,X9)) -> -4 | V9: -219 | W9: 0 | X9: =IFERROR(IF(W9="","",IF(W9=1,IF(#REF!>0,#REF!/100,100/ABS(#REF!)),-1)),"") -> -1
A10: 46259 | B10: Shohei Ohtani | C10: LAD | D10: 157.5 | F10: 233 | G10: 210 | H10: 900 | I10: 0 | J10: 0 | K10: 0 | L10: =IFERROR(IF(I10="","",IF(I10=1,IF(F10>0,F10/100,100/ABS(F10)),-1)),"") -> -1 | M10: =IFERROR(IF(J10="","",IF(J10=1,IF(G10>0,G10/100,100/ABS(G10)),-1)),"") -> -1 | N10: =IFERROR(IF(K10="","",IF(K10=1,IF(H10>0,H10/100,100/ABS(H10)),-1)),"") -> -1 | O10: =IF(COUNT(I10,J10,K10,W10)=0,"",SUM(L10,M10,N10,X10)) -> -2.6108949 | V10: -257 | W10: 1 | X10: =IFERROR(IF(W10="","",IF(W10=1,IF(V10>0,V10/100,100/ABS(V10)),-1)),"") -> 0.38910506
A11: 46259 | B11: Fernando Tatis Jr. | C11: SDP | D11: 157.2 | F11: 471 | G11: 207 | H11: 930 | I11: 0 | J11: 0 | K11: 0 | L11: =IFERROR(IF(I11="","",IF(I11=1,IF(F11>0,F11/100,100/ABS(F11)),-1)),"") -> -1 | M11: =IFERROR(IF(J11="","",IF(J11=1,IF(G11>0,G11/100,100/ABS(G11)),-1)),"") -> -1 | N11: =IFERROR(IF(K11="","",IF(K11=1,IF(H11>0,H11/100,100/ABS(H11)),-1)),"") -> -1 | O11: =IF(COUNT(I11,J11,K11,W11)=0,"",SUM(L11,M11,N11,X11)) -> -2.6226415 | V11: -265 | W11: 1 | X11: =IFERROR(IF(W11="","",IF(W11=1,IF(V11>0,V11/100,100/ABS(V11)),-1)),"") -> 0.37735849
A12: 46259 | B12: Jake Bauers | C12: MIL | D12: 156.9 | F12: 496 | G12: 303 | H12: 1400 | I12: 0 | J12: 0 | K12: 0 | L12: =IFERROR(IF(I12="","",IF(I12=1,IF(F12>0,F12/100,100/ABS(F12)),-1)),"") -> -1 | M12: =IFERROR(IF(J12="","",IF(J12=1,IF(G12>0,G12/100,100/ABS(G12)),-1)),"") -> -1 | N12: =IFERROR(IF(K12="","",IF(K12=1,IF(H12>0,H12/100,100/ABS(H12)),-1)),"") -> -1 | O12: =IF(COUNT(I12,J12,K12,W12)=0,"",SUM(L12,M12,N12,X12)) -> -4 | V12: -184 | W12: 0 | X12: =IFERROR(IF(W12="","",IF(W12=1,IF(V12>0,V12/100,100/ABS(V12)),-1)),"") -> -1
A13: 46259 | B13: Corey Seager | C13: TEX | D13: 155 | F13: 485 | G13: 290 | H13: 1380 | I13: 0 | J13: 0 | K13: 0 | L13: =IFERROR(IF(I13="","",IF(I13=1,IF(F13>0,F13/100,100/ABS(F13)),-1)),"") -> -1 | M13: =IFERROR(IF(J13="","",IF(J13=1,IF(G13>0,G13/100,100/ABS(G13)),-1)),"") -> -1 | N13: =IFERROR(IF(K13="","",IF(K13=1,IF(H13>0,H13/100,100/ABS(H13)),-1)),"") -> -1 | O13: =IF(COUNT(I13,J13,K13,W13)=0,"",SUM(L13,M13,N13,X13)) -> -4 | V13: -189 | W13: 0 | X13: =IFERROR(IF(W13="","",IF(W13=1,IF(V13>0,V13/100,100/ABS(V13)),-1)),"") -> -1
A14: 46259 | B14: Junior Caminero | C14: TBR | D14: 153.1 | F14: 349 | G14: 227 | H14: 1000 | I14: 0 | J14: 1 | K14: 0 | L14: =IFERROR(IF(I14="","",IF(I14=1,IF(F14>0,F14/100,100/ABS(F14)),-1)),"") -> -1 | M14: =IFERROR(IF(J14="","",IF(J14=1,IF(G14>0,G14/100,100/ABS(G14)),-1)),"") -> 2.27 | N14: =IFERROR(IF(K14="","",IF(K14=1,IF(H14>0,H14/100,100/ABS(H14)),-1)),"") -> -1 | O14: =IF(COUNT(I14,J14,K14,W14)=0,"",SUM(L14,M14,N14,X14)) -> 0.68666667 | V14: -240 | W14: 1 | X14: =IFERROR(IF(W14="","",IF(W14=1,IF(V14>0,V14/100,100/ABS(V14)),-1)),"") -> 0.41666667
A15: 46259 | B15: Jackson Chourio | C15: MIL | D15: 153.1 | F15: 458 | G15: 185 | H15: 820 | I15: 0 | J15: 0 | K15: 0 | L15: =IFERROR(IF(I15="","",IF(I15=1,IF(F15>0,F15/100,100/ABS(F15)),-1)),"") -> -1 | M15: =IFERROR(IF(J15="","",IF(J15=1,IF(G15>0,G15/100,100/ABS(G15)),-1)),"") -> -1 | N15: =IFERROR(IF(K15="","",IF(K15=1,IF(H15>0,H15/100,100/ABS(H15)),-1)),"") -> -1 | O15: =IF(COUNT(I15,J15,K15,W15)=0,"",SUM(L15,M15,N15,X15)) -> -4 | V15: -281 | W15: 0 | X15: =IFERROR(IF(W15="","",IF(W15=1,IF(V15>0,V15/100,100/ABS(V15)),-1)),"") -> -1
A16: 46259 | B16: Yordan Alvarez | C16: HOU | D16: 152.6 | F16: 221 | G16: 217 | H16: 1000 | I16: 0 | J16: 1 | K16: 1 | L16: =IFERROR(IF(I16="","",IF(I16=1,IF(F16>0,F16/100,100/ABS(F16)),-1)),"") -> -1 | M16: =IFERROR(IF(J16="","",IF(J16=1,IF(G16>0,G16/100,100/ABS(G16)),-1)),"") -> 2.17 | N16: =IFERROR(IF(K16="","",IF(K16=1,IF(H16>0,H16/100,100/ABS(H16)),-1)),"") -> 10 | O16: =IF(COUNT(I16,J16,K16,W16)=0,"",SUM(L16,M16,N16,X16)) -> 11.566825 | V16: -252 | W16: 1 | X16: =IFERROR(IF(W16="","",IF(W16=1,IF(V16>0,V16/100,100/ABS(V16)),-1)),"") -> 0.3968254
A17: 46259 | B17: Isaac Paredes | C17: HOU | D17: 149.1 | F17: 599 | G17: 311 | H17: 1540 | I17: 0 | J17: 0 | K17: 0 | L17: =IFERROR(IF(I17="","",IF(I17=1,IF(F17>0,F17/100,100/ABS(F17)),-1)),"") -> -1 | M17: =IFERROR(IF(J17="","",IF(J17=1,IF(G17>0,G17/100,100/ABS(G17)),-1)),"") -> -1 | N17: =IFERROR(IF(K17="","",IF(K17=1,IF(H17>0,H17/100,100/ABS(H17)),-1)),"") -> -1 | O17: =IF(COUNT(I17,J17,K17,W17)=0,"",SUM(L17,M17,N17,X17)) -> -2.4444444 | V17: -180 | W17: 1 | X17: =IFERROR(IF(W17="","",IF(W17=1,IF(V17>0,V17/100,100/ABS(V17)),-1)),"") -> 0.55555556
A18: 46259 | B18: Henry Bolte | C18: ATH | D18: 148 | F18: 630 | G18: 200 | H18: 890 | I18: 0 | J18: 0 | K18: 0 | L18: =IFERROR(IF(I18="","",IF(I18=1,IF(F18>0,F18/100,100/ABS(F18)),-1)),"") -> -1 | M18: =IFERROR(IF(J18="","",IF(J18=1,IF(G18>0,G18/100,100/ABS(G18)),-1)),"") -> -1 | N18: =IFERROR(IF(K18="","",IF(K18=1,IF(H18>0,H18/100,100/ABS(H18)),-1)),"") -> -1 | O18: =IF(COUNT(I18,J18,K18,W18)=0,"",SUM(L18,M18,N18,X18)) -> -2.6323529 | V18: -272 | W18: 1 | X18: =IFERROR(IF(W18="","",IF(W18=1,IF(V18>0,V18/100,100/ABS(V18)),-1)),"") -> 0.36764706
A19: 46259 | B19: William Contreras | C19: MIL | D19: 147.4 | F19: 554 | G19: 230 | H19: 1020 | I19: 0 | J19: 1 | K19: 1 | L19: =IFERROR(IF(I19="","",IF(I19=1,IF(F19>0,F19/100,100/ABS(F19)),-1)),"") -> -1 | M19: =IFERROR(IF(J19="","",IF(J19=1,IF(G19>0,G19/100,100/ABS(G19)),-1)),"") -> 2.3 | N19: =IFERROR(IF(K19="","",IF(K19=1,IF(H19>0,H19/100,100/ABS(H19)),-1)),"") -> 10.2 | O19: =IF(COUNT(I19,J19,K19,W19)=0,"",SUM(L19,M19,N19,X19)) -> 11.936681 | V19: -229 | W19: 1 | X19: =IFERROR(IF(W19="","",IF(W19=1,IF(V19>0,V19/100,100/ABS(V19)),-1)),"") -> 0.43668122
A20: 46260 | B20: Pete Alonso | C20: BAL | D20: 170.3 | F20: 391 | G20: 183 | H20: 790 | I20: 1 | J20: 0 | K20: 0 | L20: =IFERROR(IF(I20="","",IF(I20=1,IF(F20>0,F20/100,100/ABS(F20)),-1)),"") -> 3.91 | M20: =IFERROR(IF(J20="","",IF(J20=1,IF(G20>0,G20/100,100/ABS(G20)),-1)),"") -> -1 | N20: =IFERROR(IF(K20="","",IF(K20=1,IF(H20>0,H20/100,100/ABS(H20)),-1)),"") -> -1 | O20: =IF(COUNT(I20,J20,K20,W20)=0,"",SUM(L20,M20,N20,X20)) -> 2.2489831 | V20: -295 | W20: 1 | X20: =IFERROR(IF(W20="","",IF(W20=1,IF(V20>0,V20/100,100/ABS(V20)),-1)),"") -> 0.33898305
A21: 46260 | B21: Luis Garcia Jr. | C21: NYY | D21: 168.1 | F21: 280 | G21: 243 | H21: 1120 | I21: 1 | J21: 1 | K21: 1 | L21: =IFERROR(IF(I21="","",IF(I21=1,IF(F21>0,F21/100,100/ABS(F21)),-1)),"") -> 2.8 | M21: =IFERROR(IF(J21="","",IF(J21=1,IF(G21>0,G21/100,100/ABS(G21)),-1)),"") -> 2.43 | N21: =IFERROR(IF(K21="","",IF(K21=1,IF(H21>0,H21/100,100/ABS(H21)),-1)),"") -> 11.2 | O21: =IF(COUNT(I21,J21,K21,W21)=0,"",SUM(L21,M21,N21,X21)) -> 16.868596 | V21: -228 | W21: 1 | X21: =IFERROR(IF(W21="","",IF(W21=1,IF(V21>0,V21/100,100/ABS(V21)),-1)),"") -> 0.43859649
... A24: 46260 | B24: Aec Burleson | C24: STL | D24: 164.1 | F24: 640 | G24: 215 | H24: 1000 | I24: 0 | J24: 0 | K24: 0 | L24: =IFERROR(IF(I24="","",IF(I24=1,IF(F24>0,F24/100,100/ABS(F24)),-1)),"") -> -1 | M24: =IFERROR(IF(J24="","",IF(J24=1,IF(G24>0,G24/100,100/ABS(G24)),-1)),"") -> -1 | N24: =IFERROR(IF(K24="","",IF(K24=1,IF(H24>0,H24/100,100/ABS(H24)),-1)),"") -> -1 | O24: =IF(COUNT(I24,J24,K24,W24)=0,"",SUM(L24,M24,N24,X24)) -> -2.6124031 | V24: -258 | W24: 1 | X24: =IFERROR(IF(W24="","",IF(W24=1,IF(V24>0,V24/100,100/ABS(V24)),-1)),"") -> 0.3875969
A25: 46260 | B25: Willson Contreras | C25: BOS | D25: 164 | F25: 507 | G25: 248 | H25: 1160 | L25: =IFERROR(IF(I25="","",IF(I25=1,IF(F25>0,F25/100,100/ABS(F25)),-1)),"") | M25: =IFERROR(IF(J25="","",IF(J25=1,IF(G25>0,G25/100,100/ABS(G25)),-1)),"") | N25: =IFERROR(IF(K25="","",IF(K25=1,IF(H25>0,H25/100,100/ABS(H25)),-1)),"") | O25: =IF(COUNT(I25,J25,K25,W25)=0,"",SUM(L25,M25,N25,X25)) | V25: -216 | X25: =IFERROR(IF(W25="","",IF(W25=1,IF(V25>0,V25/100,100/ABS(V25)),-1)),"")
A26: 46260 | B26: Max Muncy | C26: LAD | D26: 163.3 | F26: 348 | G26: 319 | H26: 1600 | I26: 0 | J26: 0 | K26: 0 | L26: =IFERROR(IF(I26="","",IF(I26=1,IF(F26>0,F26/100,100/ABS(F26)),-1)),"") -> -1 | M26: =IFERROR(IF(J26="","",IF(J26=1,IF(G26>0,G26/100,100/ABS(G26)),-1)),"") -> -1 | N26: =IFERROR(IF(K26="","",IF(K26=1,IF(H26>0,H26/100,100/ABS(H26)),-1)),"") -> -1 | O26: =IF(COUNT(I26,J26,K26,W26)=0,"",SUM(L26,M26,N26,X26)) -> -4 | V26: -176 | W26: 0 | X26: =IFERROR(IF(W26="","",IF(W26=1,IF(V26>0,V26/100,100/ABS(V26)),-1)),"") -> -1
A27: 46260 | B27: Michael Harris II | C27: ATL | D27: 161.8 | F27: 481 | G27: 243 | H27: 1180 | I27: 0 | J27: 0 | K27: 0 | L27: =IFERROR(IF(I27="","",IF(I27=1,IF(F27>0,F27/100,100/ABS(F27)),-1)),"") -> -1 | M27: =IFERROR(IF(J27="","",IF(J27=1,IF(G27>0,G27/100,100/ABS(G27)),-1)),"") -> -1 | N27: =IFERROR(IF(K27="","",IF(K27=1,IF(H27>0,H27/100,100/ABS(H27)),-1)),"") -> -1 | O27: =IF(COUNT(I27,J27,K27,W27)=0,"",SUM(L27,M27,N27,X27)) -> -4 | V27: -235 | W27: 0 | X27: =IFERROR(IF(W27="","",IF(W27=1,IF(V27>0,V27/100,100/ABS(V27)),-1)),"") -> -1
A28: 46260 | B28: Zach Neto | C28: LAA | D28: 161.3 | F28: 464 | G28: 253 | H28: 1180 | I28: 0 | J28: 0 | K28: 0 | L28: =IFERROR(IF(I28="","",IF(I28=1,IF(F28>0,F28/100,100/ABS(F28)),-1)),"") -> -1 | M28: =IFERROR(IF(J28="","",IF(J28=1,IF(G28>0,G28/100,100/ABS(G28)),-1)),"") -> -1 | N28: =IFERROR(IF(K28="","",IF(K28=1,IF(H28>0,H28/100,100/ABS(H28)),-1)),"") -> -1 | O28: =IF(COUNT(I28,J28,K28,W28)=0,"",SUM(L28,M28,N28,X28)) -> -2.5348837 | V28: -215 | W28: 1 | X28: =IFERROR(IF(W28="","",IF(W28=1,IF(V28>0,V28/100,100/ABS(V28)),-1)),"") -> 0.46511628
A29: 46260 | B29: Junior Caminero | C29: TBR | D29: 160.3 | F29: 400 | G29: 272 | H29: 1280 | I29: 0 | J29: 1 | K29: 0 | L29: =IFERROR(IF(I29="","",IF(I29=1,IF(F29>0,F29/100,100/ABS(F29)),-1)),"") -> -1 | M29: =IFERROR(IF(J29="","",IF(J29=1,IF(G29>0,G29/100,100/ABS(G29)),-1)),"") -> 2.72 | N29: =IFERROR(IF(K29="","",IF(K29=1,IF(H29>0,H29/100,100/ABS(H29)),-1)),"") -> -1 | O29: =IF(COUNT(I29,J29,K29,W29)=0,"",SUM(L29,M29,N29,X29)) -> 1.2250505 | V29: -198 | W29: 1 | X29: =IFERROR(IF(W29="","",IF(W29=1,IF(V29>0,V29/100,100/ABS(V29)),-1)),"") -> 0.50505051
A30: 46260 | B30: Jake Bauers | C30: MIL | D30: 157.9 | F30: 442 | G30: 326 | H30: 1580 | L30: =IFERROR(IF(I30="","",IF(I30=1,IF(F30>0,F30/100,100/ABS(F30)),-1)),"") | M30: =IFERROR(IF(J30="","",IF(J30=1,IF(G30>0,G30/100,100/ABS(G30)),-1)),"") | N30: =IFERROR(IF(K30="","",IF(K30=1,IF(H30>0,H30/100,100/ABS(H30)),-1)),"") | O30: =IF(COUNT(I30,J30,K30,W30)=0,"",SUM(L30,M30,N30,X30)) | V30: -171 | X30: =IFERROR(IF(W30="","",IF(W30=1,IF(V30>0,V30/100,100/ABS(V30)),-1)),"")
A31: 46260 | B31: Fernando Tatis Jr. | C31: SDP | D31: 157.3 | F31: 329 | G31: 179 | H31: 820 | I31: 0 | J31: 0 | K31: 0 | L31: =IFERROR(IF(I31="","",IF(I31=1,IF(F31>0,F31/100,100/ABS(F31)),-1)),"") -> -1 | M31: =IFERROR(IF(J31="","",IF(J31=1,IF(G31>0,G31/100,100/ABS(G31)),-1)),"") -> -1 | N31: =IFERROR(IF(K31="","",IF(K31=1,IF(H31>0,H31/100,100/ABS(H31)),-1)),"") -> -1 | O31: =IF(COUNT(I31,J31,K31,W31)=0,"",SUM(L31,M31,N31,X31)) -> -4 | V31: -309 | W31: 0 | X31: =IFERROR(IF(W31="","",IF(W31=1,IF(V31>0,V31/100,100/ABS(V31)),-1)),"") -> -1
A32: 46260 | B32: Jordan Walker | C32: STL | D32: 156.1 | F32: 522 | G32: 242 | H32: 1140 | I32: 0 | J32: 0 | K32: 0 | L32: =IFERROR(IF(I32="","",IF(I32=1,IF(F32>0,F32/100,100/ABS(F32)),-1)),"") -> -1 | M32: =IFERROR(IF(J32="","",IF(J32=1,IF(G32>0,G32/100,100/ABS(G32)),-1)),"") -> -1 | N32: =IFERROR(IF(K32="","",IF(K32=1,IF(H32>0,H32/100,100/ABS(H32)),-1)),"") -> -1 | O32: =IF(COUNT(I32,J32,K32,W32)=0,"",SUM(L32,M32,N32,X32)) -> -2.5726496 | V32: -234 | W32: 1 | X32: =IFERROR(IF(W32="","",IF(W32=1,IF(V32>0,V32/100,100/ABS(V32)),-1)),"") -> 0.42735043
A33: 46260 | B33: Shohei Ohtani | C33: LAD | D33: 156 | F33: 267 | G33: 200 | H33: 860 | I33: 0 | J33: 1 | K33: 0 | L33: =IFERROR(IF(I33="","",IF(I33=1,IF(F33>0,F33/100,100/ABS(F33)),-1)),"") -> -1 | M33: =IFERROR(IF(J33="","",IF(J33=1,IF(G33>0,G33/100,100/ABS(G33)),-1)),"") -> 2 | N33: =IFERROR(IF(K33="","",IF(K33=1,IF(H33>0,H33/100,100/ABS(H33)),-1)),"") -> -1 | O33: =IF(COUNT(I33,J33,K33,W33)=0,"",SUM(L33,M33,N33,X33)) -> 0.37037037 | V33: -270 | W33: 1 | X33: =IFERROR(IF(W33="","",IF(W33=1,IF(V33>0,V33/100,100/ABS(V33)),-1)),"") -> 0.37037037
A34: 46260 | B34: Brandon Lowe | C34: PIT | D34: 154.6 | F34: 338 | G34: 293 | H34: 1440 | I34: 0 | J34: 0 | K34: 0 | L34: =IFERROR(IF(I34="","",IF(I34=1,IF(F34>0,F34/100,100/ABS(F34)),-1)),"") -> -1 | M34: =IFERROR(IF(J34="","",IF(J34=1,IF(G34>0,G34/100,100/ABS(G34)),-1)),"") -> -1 | N34: =IFERROR(IF(K34="","",IF(K34=1,IF(H34>0,H34/100,100/ABS(H34)),-1)),"") -> -1 | O34: =IF(COUNT(I34,J34,K34,W34)=0,"",SUM(L34,M34,N34,X34)) -> -4 | V34: -193 | W34: 0 | X34: =IFERROR(IF(W34="","",IF(W34=1,IF(V34>0,V34/100,100/ABS(V34)),-1)),"") -> -1
A35: 46261 | B35: Yordan Alvarez | C35: HOU | D35: 182.3 | F35: 248 | G35: 263 | H35: 1360 | L35: =IFERROR(IF(I35="","",IF(I35=1,IF(F35>0,F35/100,100/ABS(F35)),-1)),"") | M35: =IFERROR(IF(J35="","",IF(J35=1,IF(G35>0,G35/100,100/ABS(G35)),-1)),"") | N35: =IFERROR(IF(K35="","",IF(K35=1,IF(H35>0,H35/100,100/ABS(H35)),-1)),"") | O35: =IFERROR(IF(_xlfn.CONCAT(I35,J35,K35)="","",IFERROR(L35,0)+IFERROR(M35,0)+IFERROR(N35,0)),"") | V35: -211 | X35: =IFERROR(IF(W35="","",IF(W35=1,IF(V35>0,V35/100,100/ABS(V35)),-1)),"")
A36: 46261 | B36: Freddie Freeman | C36: LAD | D36: 162.3 | F36: 920 | G36: 292 | H36: 1420 | L36: =IFERROR(IF(I36="","",IF(I36=1,IF(F36>0,F36/100,100/ABS(F36)),-1)),"") | M36: =IFERROR(IF(J36="","",IF(J36=1,IF(G36>0,G36/100,100/ABS(G36)),-1)),"") | N36: =IFERROR(IF(K36="","",IF(K36=1,IF(H36>0,H36/100,100/ABS(H36)),-1)),"") | O36: =IFERROR(IF(_xlfn.CONCAT(I36,J36,K36)="","",IFERROR(L36,0)+IFERROR(M36,0)+IFERROR(N36,0)),"") | V36: -193 | X36: =IFERROR(IF(W36="","",IF(W36=1,IF(V36>0,V36/100,100/ABS(V36)),-1)),"")
A37: 46261 | B37: William Contreras | C37: MIL | D37: 168.1 | F37: 433 | G37: 208 | H37: 950 | L37: =IFERROR(IF(I37="","",IF(I37=1,IF(F37>0,F37/100,100/ABS(F37)),-1)),"") | M37: =IFERROR(IF(J37="","",IF(J37=1,IF(G37>0,G37/100,100/ABS(G37)),-1)),"") | N37: =IFERROR(IF(K37="","",IF(K37=1,IF(H37>0,H37/100,100/ABS(H37)),-1)),"") | O37: =IFERROR(IF(_xlfn.CONCAT(I37,J37,K37)="","",IFERROR(L37,0)+IFERROR(M37,0)+IFERROR(N37,0)),"") | V37: -262 | X37: =IFERROR(IF(W37="","",IF(W37=1,IF(V37>0,V37/100,100/ABS(V37)),-1)),"")
A38: 46261 | B38: Luis Garcia Jr. | C38: NYY | D38: 168.5 | F38: 321 | G38: 224 | H38: 1080 | L38: =IFERROR(IF(I38="","",IF(I38=1,IF(F38>0,F38/100,100/ABS(F38)),-1)),"") | M38: =IFERROR(IF(J38="","",IF(J38=1,IF(G38>0,G38/100,100/ABS(G38)),-1)),"") | N38: =IFERROR(IF(K38="","",IF(K38=1,IF(H38>0,H38/100,100/ABS(H38)),-1)),"") | O38: =IFERROR(IF(_xlfn.CONCAT(I38,J38,K38)="","",IFERROR(L38,0)+IFERROR(M38,0)+IFERROR(N38,0)),"") | V38: -249 | X38: =IFERROR(IF(W38="","",IF(W38=1,IF(V38>0,V38/100,100/ABS(V38)),-1)),"")
A39: 46261 | B39: Jackson Chourio | C39: MIL | D39: 152.4 | F39: 398 | G39: 178 | H39: 770 | L39: =IFERROR(IF(I39="","",IF(I39=1,IF(F39>0,F39/100,100/ABS(F39)),-1)),"") | M39: =IFERROR(IF(J39="","",IF(J39=1,IF(G39>0,G39/100,100/ABS(G39)),-1)),"") | N39: =IFERROR(IF(K39="","",IF(K39=1,IF(H39>0,H39/100,100/ABS(H39)),-1)),"") | O39: =IFERROR(IF(_xlfn.CONCAT(I39,J39,K39)="","",IFERROR(L39,0)+IFERROR(M39,0)+IFERROR(N39,0)),"") | V39: -303 | X39: =IFERROR(IF(W39="","",IF(W39=1,IF(V39>0,V39/100,100/ABS(V39)),-1)),"")
A40: 46261 | B40: Shohei Ohtani | C40: LAD | D40: 152.4 | F40: 474 | G40: 243 | H40: 1100 | L40: =IFERROR(IF(I40="","",IF(I40=1,IF(F40>0,F40/100,100/ABS(F40)),-1)),"") | M40: =IFERROR(IF(J40="","",IF(J40=1,IF(G40>0,G40/100,100/ABS(G40)),-1)),"") | N40: =IFERROR(IF(K40="","",IF(K40=1,IF(H40>0,H40/100,100/ABS(H40)),-1)),"") | O40: =IFERROR(IF(_xlfn.CONCAT(I40,J40,K40)="","",IFERROR(L40,0)+IFERROR(M40,0)+IFERROR(N40,0)),"") | V40: -231 | X40: =IFERROR(IF(W40="","",IF(W40=1,IF(V40>0,V40/100,100/ABS(V40)),-1)),"")
A41: 46261 | B41: Michael Harris II | C41: ATL | D41: 153 | F41: 542 | G41: 285 | H41: 1560 | L41: =IFERROR(IF(I41="","",IF(I41=1,IF(F41>0,F41/100,100/ABS(F41)),-1)),"") | M41: =IFERROR(IF(J41="","",IF(J41=1,IF(G41>0,G41/100,100/ABS(G41)),-1)),"") | N41: =IFERROR(IF(K41="","",IF(K41=1,IF(H41>0,H41/100,100/ABS(H41)),-1)),"") | O41: =IFERROR(IF(_xlfn.CONCAT(I41,J41,K41)="","",IFERROR(L41,0)+IFERROR(M41,0)+IFERROR(N41,0)),"") | V41: -211 | X41: =IFERROR(IF(W41="","",IF(W41=1,IF(V41>0,V41/100,100/ABS(V41)),-1)),"")
A42: 46261 | B42: Boby Witt Jr. | C42: KCR | D42: 151.8 | F42: 376 | G42: 185 | H42: 800 | L42: =IFERROR(IF(I42="","",IF(I42=1,IF(F42>0,F42/100,100/ABS(F42)),-1)),"") | M42: =IFERROR(IF(J42="","",IF(J42=1,IF(G42>0,G42/100,100/ABS(G42)),-1)),"") | N42: =IFERROR(IF(K42="","",IF(K42=1,IF(H42>0,H42/100,100/ABS(H42)),-1)),"") | O42: =IFERROR(IF(_xlfn.CONCAT(I42,J42,K42)="","",IFERROR(L42,0)+IFERROR(M42,0)+IFERROR(N42,0)),"") | V42: -295 | X42: =IFERROR(IF(W42="","",IF(W42=1,IF(V42>0,V42/100,100/ABS(V42)),-1)),"")
A43: 46261 | B43: Carson Benge | C43: NYM | D43: 149.8 | F43: 770 | G43: 396 | H43: 2100 | L43: =IFERROR(IF(I43="","",IF(I43=1,IF(F43>0,F43/100,100/ABS(F43)),-1)),"") | M43: =IFERROR(IF(J43="","",IF(J43=1,IF(G43>0,G43/100,100/ABS(G43)),-1)),"") | N43: =IFERROR(IF(K43="","",IF(K43=1,IF(H43>0,H43/100,100/ABS(H43)),-1)),"") | O43: =IFERROR(IF(_xlfn.CONCAT(I43,J43,K43)="","",IFERROR(L43,0)+IFERROR(M43,0)+IFERROR(N43,0)),"") | V43: -148 | X43: =IFERROR(IF(W43="","",IF(W43=1,IF(V43>0,V43/100,100/ABS(V43)),-1)),"")
A44: 46261 | B44: Rafael Devers | C44: SFG | D44: 156.4 | F44: 460 | G44: 286 | H44: 1420 | L44: =IFERROR(IF(I44="","",IF(I44=1,IF(F44>0,F44/100,100/ABS(F44)),-1)),"") | M44: =IFERROR(IF(J44="","",IF(J44=1,IF(G44>0,G44/100,100/ABS(G44)),-1)),"") | N44: =IFERROR(IF(K44="","",IF(K44=1,IF(H44>0,H44/100,100/ABS(H44)),-1)),"") | O44: =IFERROR(IF(_xlfn.CONCAT(I44,J44,K44)="","",IFERROR(L44,0)+IFERROR(M44,0)+IFERROR(N44,0)),"") | V44: -205 | X44: =IFERROR(IF(W44="","",IF(W44=1,IF(V44>0,V44/100,100/ABS(V44)),-1)),"")
A45: 46261 | B45: Gabriel Moerno | C45: ARI | D45: 144.7 | F45: 1080 | G45: 198 | H45: 880 | L45: =IFERROR(IF(I45="","",IF(I45=1,IF(F45>0,F45/100,100/ABS(F45)),-1)),"") | M45: =IFERROR(IF(J45="","",IF(J45=1,IF(G45>0,G45/100,100/ABS(G45)),-1)),"") | N45: =IFERROR(IF(K45="","",IF(K45=1,IF(H45>0,H45/100,100/ABS(H45)),-1)),"") | O45: =IFERROR(IF(_xlfn.CONCAT(I45,J45,K45)="","",IFERROR(L45,0)+IFERROR(M45,0)+IFERROR(N45,0)),"") | V45: -188 | X45: =IFERROR(IF(W45="","",IF(W45=1,IF(V45>0,V45/100,100/ABS(V45)),-1)),"")
A46: 46261 | B46: Drake Baldwin | C46: ATL | D46: 144.1 | F46: 630 | G46: 294 | H46: 1440 | L46: =IFERROR(IF(I46="","",IF(I46=1,IF(F46>0,F46/100,100/ABS(F46)),-1)),"") | M46: =IFERROR(IF(J46="","",IF(J46=1,IF(G46>0,G46/100,100/ABS(G46)),-1)),"") | N46: =IFERROR(IF(K46="","",IF(K46=1,IF(H46>0,H46/100,100/ABS(H46)),-1)),"") | O46: =IFERROR(IF(_xlfn.CONCAT(I46,J46,K46)="","",IFERROR(L46,0)+IFERROR(M46,0)+IFERROR(N46,0)),"") | V46: -196 | X46: =IFERROR(IF(W46="","",IF(W46=1,IF(V46>0,V46/100,100/ABS(V46)),-1)),"")
... A49: 46261 | B49: Pete Alonso | C49: BAL | D49: 168.3 | F49: 409 | G49: 210 | H49: 950 | L49: =IFERROR(IF(I49="","",IF(I49=1,IF(F49>0,F49/100,100/ABS(F49)),-1)),"") | M49: =IFERROR(IF(J49="","",IF(J49=1,IF(G49>0,G49/100,100/ABS(G49)),-1)),"") | N49: =IFERROR(IF(K49="","",IF(K49=1,IF(H49>0,H49/100,100/ABS(H49)),-1)),"") | O49: =IFERROR(IF(_xlfn.CONCAT(I49,J49,K49)="","",IFERROR(L49,0)+IFERROR(M49,0)+IFERROR(N49,0)),"") | V49: -256 | X49: =IFERROR(IF(W49="","",IF(W49=1,IF(V49>0,V49/100,100/ABS(V49)),-1)),"")
L50: =IFERROR(IF(I50="","",IF(I50=1,IF(F50>0,F50/100,100/ABS(F50)),-1)),"") | M50: =IFERROR(IF(J50="","",IF(J50=1,IF(G50>0,G50/100,100/ABS(G50)),-1)),"") | N50: =IFERROR(IF(K50="","",IF(K50=1,IF(H50>0,H50/100,100/ABS(H50)),-1)),"") | O50: =IF(COUNT(I50,J50,K50,W50)=0,"",SUM(L50,M50,N50,X50)) | X50: =IFERROR(IF(W50="","",IF(W50=1,IF(V50>0,V50/100,100/ABS(V50)),-1)),"")
L51: =IFERROR(IF(I51="","",IF(I51=1,IF(F51>0,F51/100,100/ABS(F51)),-1)),"") | M51: =IFERROR(IF(J51="","",IF(J51=1,IF(G51>0,G51/100,100/ABS(G51)),-1)),"") | N51: =IFERROR(IF(K51="","",IF(K51=1,IF(H51>0,H51/100,100/ABS(H51)),-1)),"") | O51: =IF(COUNT(I51,J51,K51,W51)=0,"",SUM(L51,M51,N51,X51)) | X51: =IFERROR(IF(W51="","",IF(W51=1,IF(V51>0,V51/100,100/ABS(V51)),-1)),"")
L52: =IFERROR(IF(I52="","",IF(I52=1,IF(F52>0,F52/100,100/ABS(F52)),-1)),"") | M52: =IFERROR(IF(J52="","",IF(J52=1,IF(G52>0,G52/100,100/ABS(G52)),-1)),"") | N52: =IFERROR(IF(K52="","",IF(K52=1,IF(H52>0,H52/100,100/ABS(H52)),-1)),"") | O52: =IF(COUNT(I52,J52,K52,W52)=0,"",SUM(L52,M52,N52,X52)) | X52: =IFERROR(IF(W52="","",IF(W52=1,IF(V52>0,V52/100,100/ABS(V52)),-1)),"")
L53: =IFERROR(IF(I53="","",IF(I53=1,IF(F53>0,F53/100,100/ABS(F53)),-1)),"") | M53: =IFERROR(IF(J53="","",IF(J53=1,IF(G53>0,G53/100,100/ABS(G53)),-1)),"") | N53: =IFERROR(IF(K53="","",IF(K53=1,IF(H53>0,H53/100,100/ABS(H53)),-1)),"") | O53: =IF(COUNT(I53,J53,K53,W53)=0,"",SUM(L53,M53,N53,X53)) | X53: =IFERROR(IF(W53="","",IF(W53=1,IF(V53>0,V53/100,100/ABS(V53)),-1)),"")
L54: =IFERROR(IF(I54="","",IF(I54=1,IF(F54>0,F54/100,100/ABS(F54)),-1)),"") | M54: =IFERROR(IF(J54="","",IF(J54=1,IF(G54>0,G54/100,100/ABS(G54)),-1)),"") | N54: =IFERROR(IF(K54="","",IF(K54=1,IF(H54>0,H54/100,100/ABS(H54)),-1)),"") | O54: =IF(COUNT(I54,J54,K54,W54)=0,"",SUM(L54,M54,N54,X54)) | X54: =IFERROR(IF(W54="","",IF(W54=1,IF(V54>0,V54/100,100/ABS(V54)),-1)),"")
L55: =IFERROR(IF(I55="","",IF(I55=1,IF(F55>0,F55/100,100/ABS(F55)),-1)),"") | M55: =IFERROR(IF(J55="","",IF(J55=1,IF(G55>0,G55/100,100/ABS(G55)),-1)),"") | N55: =IFERROR(IF(K55="","",IF(K55=1,IF(H55>0,H55/100,100/ABS(H55)),-1)),"") | O55: =IF(COUNT(I55,J55,K55,W55)=0,"",SUM(L55,M55,N55,X55)) | X55: =IFERROR(IF(W55="","",IF(W55=1,IF(V55>0,V55/100,100/ABS(V55)),-1)),"")
L56: =IFERROR(IF(I56="","",IF(I56=1,IF(F56>0,F56/100,100/ABS(F56)),-1)),"") | M56: =IFERROR(IF(J56="","",IF(J56=1,IF(G56>0,G56/100,100/ABS(G56)),-1)),"") | N56: =IFERROR(IF(K56="","",IF(K56=1,IF(H56>0,H56/100,100/ABS(H56)),-1)),"") | O56: =IF(COUNT(I56,J56,K56,W56)=0,"",SUM(L56,M56,N56,X56)) | X56: =IFERROR(IF(W56="","",IF(W56=1,IF(V56>0,V56/100,100/ABS(V56)),-1)),"")
L57: =IFERROR(IF(I57="","",IF(I57=1,IF(F57>0,F57/100,100/ABS(F57)),-1)),"") | M57: =IFERROR(IF(J57="","",IF(J57=1,IF(G57>0,G57/100,100/ABS(G57)),-1)),"") | N57: =IFERROR(IF(K57="","",IF(K57=1,IF(H57>0,H57/100,100/ABS(H57)),-1)),"") | O57: =IF(COUNT(I57,J57,K57,W57)=0,"",SUM(L57,M57,N57,X57)) | X57: =IFERROR(IF(W57="","",IF(W57=1,IF(V57>0,V57/100,100/ABS(V57)),-1)),"")
L58: =IFERROR(IF(I58="","",IF(I58=1,IF(F58>0,F58/100,100/ABS(F58)),-1)),"") | M58: =IFERROR(IF(J58="","",IF(J58=1,IF(G58>0,G58/100,100/ABS(G58)),-1)),"") | N58: =IFERROR(IF(K58="","",IF(K58=1,IF(H58>0,H58/100,100/ABS(H58)),-1)),"") | O58: =IF(COUNT(I58,J58,K58,W58)=0,"",SUM(L58,M58,N58,X58)) | X58: =IFERROR(IF(W58="","",IF(W58=1,IF(V58>0,V58/100,100/ABS(V58)),-1)),"")
L59: =IFERROR(IF(I59="","",IF(I59=1,IF(F59>0,F59/100,100/ABS(F59)),-1)),"") | M59: =IFERROR(IF(J59="","",IF(J59=1,IF(G59>0,G59/100,100/ABS(G59)),-1)),"") | N59: =IFERROR(IF(K59="","",IF(K59=1,IF(H59>0,H59/100,100/ABS(H59)),-1)),"") | O59: =IF(COUNT(I59,J59,K59,W59)=0,"",SUM(L59,M59,N59,X59)) | X59: =IFERROR(IF(W59="","",IF(W59=1,IF(V59>0,V59/100,100/ABS(V59)),-1)),"")
L60: =IFERROR(IF(I60="","",IF(I60=1,IF(F60>0,F60/100,100/ABS(F60)),-1)),"") | M60: =IFERROR(IF(J60="","",IF(J60=1,IF(G60>0,G60/100,100/ABS(G60)),-1)),"") | N60: =IFERROR(IF(K60="","",IF(K60=1,IF(H60>0,H60/100,100/ABS(H60)),-1)),"") | O60: =IF(COUNT(I60,J60,K60,W60)=0,"",SUM(L60,M60,N60,X60)) | X60: =IFERROR(IF(W60="","",IF(W60=1,IF(V60>0,V60/100,100/ABS(V60)),-1)),"")
L61: =IFERROR(IF(I61="","",IF(I61=1,IF(F61>0,F61/100,100/ABS(F61)),-1)),"") | M61: =IFERROR(IF(J61="","",IF(J61=1,IF(G61>0,G61/100,100/ABS(G61)),-1)),"") | N61: =IFERROR(IF(K61="","",IF(K61=1,IF(H61>0,H61/100,100/ABS(H61)),-1)),"") | O61: =IF(COUNT(I61,J61,K61,W61)=0,"",SUM(L61,M61,N61,X61)) | X61: =IFERROR(IF(W61="","",IF(W61=1,IF(V61>0,V61/100,100/ABS(V61)),-1)),"")
... L106: =IFERROR(IF(I106="","",IF(I106=1,IF(F106>0,F106/100,100/ABS(F106)),-1)),"") | M106: =IFERROR(IF(J106="","",IF(J106=1,IF(G106>0,G106/100,100/ABS(G106)),-1)),"") | N106: =IFERROR(IF(K106="","",IF(K106=1,IF(H106>0,H106/100,100/ABS(H106)),-1)),"") | O106: =IF(COUNT(I106,J106,K106,W106)=0,"",SUM(L106,M106,N106,X106)) | X106: =IFERROR(IF(W106="","",IF(W106=1,IF(V106>0,V106/100,100/ABS(V106)),-1)),"")
L107: =IFERROR(IF(I107="","",IF(I107=1,IF(F107>0,F107/100,100/ABS(F107)),-1)),"") | M107: =IFERROR(IF(J107="","",IF(J107=1,IF(G107>0,G107/100,100/ABS(G107)),-1)),"") | N107: =IFERROR(IF(K107="","",IF(K107=1,IF(H107>0,H107/100,100/ABS(H107)),-1)),"") | O107: =IF(COUNT(I107,J107,K107,W107)=0,"",SUM(L107,M107,N107,X107)) | V107: -230 | X107: =IFERROR(IF(W107="","",IF(W107=1,IF(V107>0,V107/100,100/ABS(V107)),-1)),"")
L108: =IFERROR(IF(I108="","",IF(I108=1,IF(F108>0,F108/100,100/ABS(F108)),-1)),"") | M108: =IFERROR(IF(J108="","",IF(J108=1,IF(G108>0,G108/100,100/ABS(G108)),-1)),"") | N108: =IFERROR(IF(K108="","",IF(K108=1,IF(H108>0,H108/100,100/ABS(H108)),-1)),"") | O108: =IF(COUNT(I108,J108,K108,W108)=0,"",SUM(L108,M108,N108,X108)) | V108: -320 | X108: =IFERROR(IF(W108="","",IF(W108=1,IF(V108>0,V108/100,100/ABS(V108)),-1)),"")
L109: =IFERROR(IF(I109="","",IF(I109=1,IF(F109>0,F109/100,100/ABS(F109)),-1)),"") | M109: =IFERROR(IF(J109="","",IF(J109=1,IF(G109>0,G109/100,100/ABS(G109)),-1)),"") | N109: =IFERROR(IF(K109="","",IF(K109=1,IF(H109>0,H109/100,100/ABS(H109)),-1)),"") | O109: =IF(COUNT(I109,J109,K109,W109)=0,"",SUM(L109,M109,N109,X109)) | V109: -159 | X109: =IFERROR(IF(W109="","",IF(W109=1,IF(V109>0,V109/100,100/ABS(V109)),-1)),"")
L110: =IFERROR(IF(I110="","",IF(I110=1,IF(F111>0,F111/100,100/ABS(F111)),-1)),"") | M110: =IFERROR(IF(J110="","",IF(J110=1,IF(G111>0,G111/100,100/ABS(G111)),-1)),"") | N110: =IFERROR(IF(K110="","",IF(K110=1,IF(H111>0,H111/100,100/ABS(H111)),-1)),"") | O110: =IF(COUNT(I110,J110,K110,W110)=0,"",SUM(L110,M110,N110,X110)) | V110: -206 | X110: =IFERROR(IF(W110="","",IF(W110=1,IF(V110>0,V110/100,100/ABS(V110)),-1)),"")
L111: =IFERROR(IF(I111="","",IF(I111=1,IF(F113>0,F113/100,100/ABS(F113)),-1)),"") | M111: =IFERROR(IF(J111="","",IF(J111=1,IF(G113>0,G113/100,100/ABS(G113)),-1)),"") | N111: =IFERROR(IF(K111="","",IF(K111=1,IF(H113>0,H113/100,100/ABS(H113)),-1)),"") | O111: =IF(COUNT(I111,J111,K111,W111)=0,"",SUM(L111,M111,N111,X112)) | V111: -298 | X111: =IFERROR(IF(W111="","",IF(W111=1,IF(V111>0,V111/100,100/ABS(V111)),-1)),"")
L112: =IFERROR(IF(I112="","",IF(I112=1,IF(F114>0,F114/100,100/ABS(F114)),-1)),"") | M112: =IFERROR(IF(J112="","",IF(J112=1,IF(G114>0,G114/100,100/ABS(G114)),-1)),"") | N112: =IFERROR(IF(K112="","",IF(K112=1,IF(H114>0,H114/100,100/ABS(H114)),-1)),"") | O112: =IF(COUNT(I112,J112,K112,W112)=0,"",SUM(L112,M112,N112,X113)) | V112: -206 | X112: =IFERROR(IF(W112="","",IF(W112=1,IF(V112>0,V112/100,100/ABS(V112)),-1)),"")
L113: =IFERROR(IF(I113="","",IF(I113=1,IF(F112>0,F112/100,100/ABS(F112)),-1)),"") | M113: =IFERROR(IF(J113="","",IF(J113=1,IF(G112>0,G112/100,100/ABS(G112)),-1)),"") | N113: =IFERROR(IF(K113="","",IF(K113=1,IF(H112>0,H112/100,100/ABS(H112)),-1)),"") | O113: =IF(COUNT(I113,J113,K113,W113)=0,"",SUM(L113,M113,N113,X114)) | V113: -295 | X113: =IFERROR(IF(W113="","",IF(W113=1,IF(V113>0,V113/100,100/ABS(V113)),-1)),"")
L114: =IFERROR(IF(I114="","",IF(I114=1,IF(F115>0,F115/100,100/ABS(F115)),-1)),"") | M114: =IFERROR(IF(J114="","",IF(J114=1,IF(G115>0,G115/100,100/ABS(G115)),-1)),"") | N114: =IFERROR(IF(K114="","",IF(K114=1,IF(H115>0,H115/100,100/ABS(H115)),-1)),"") | O114: =IF(COUNT(I114,J114,K114,W114)=0,"",SUM(L114,M114,N114,X115)) | V114: -205 | X114: =IFERROR(IF(W114="","",IF(W114=1,IF(V114>0,V115/100,100/ABS(V114)),-1)),"")
L115: =IFERROR(IF(I115="","",IF(I115=1,IF(F116>0,F116/100,100/ABS(F116)),-1)),"") | M115: =IFERROR(IF(J115="","",IF(J115=1,IF(G116>0,G116/100,100/ABS(G116)),-1)),"") | N115: =IFERROR(IF(K115="","",IF(K115=1,IF(H116>0,H116/100,100/ABS(H116)),-1)),"") | O115: =IF(COUNT(I115,J115,K115,W115)=0,"",SUM(L115,M115,N115,X116)) | V115: -255 | X115: =IFERROR(IF(W115="","",IF(W115=1,IF(V115>0,V115/100,100/ABS(V115)),-1)),"")
L116: =IFERROR(IF(I116="","",IF(I116=1,IF(F117>0,F117/100,100/ABS(F117)),-1)),"") | M116: =IFERROR(IF(J116="","",IF(J116=1,IF(G117>0,G117/100,100/ABS(G117)),-1)),"") | N116: =IFERROR(IF(K116="","",IF(K116=1,IF(H117>0,H117/100,100/ABS(H117)),-1)),"") | O116: =IF(COUNT(I116,J116,K116,W116)=0,"",SUM(L116,M116,N116,X117)) | V116: -245 | X116: =IFERROR(IF(W116="","",IF(W116=1,IF(V116>0,V116/100,100/ABS(V116)),-1)),"")
L117: =IFERROR(IF(I117="","",IF(I117=1,IF(F118>0,F118/100,100/ABS(F118)),-1)),"") | M117: =IFERROR(IF(J117="","",IF(J117=1,IF(G118>0,G118/100,100/ABS(G118)),-1)),"") | N117: =IFERROR(IF(K117="","",IF(K117=1,IF(H118>0,H118/100,100/ABS(H118)),-1)),"") | O117: =IF(COUNT(I117,J117,K117,W117)=0,"",SUM(L117,M117,N117,X118)) | V117: -212 | X117: =IFERROR(IF(W117="","",IF(W117=1,IF(V117>0,V117/100,100/ABS(V117)),-1)),"")
L118: =IFERROR(IF(I118="","",IF(I118=1,IF(F120>0,F120/100,100/ABS(F120)),-1)),"") | M118: =IFERROR(IF(J118="","",IF(J118=1,IF(G120>0,G120/100,100/ABS(G120)),-1)),"") | N118: =IFERROR(IF(K118="","",IF(K118=1,IF(H120>0,H120/100,100/ABS(H120)),-1)),"") | O118: =IF(COUNT(I118,J118,K118,W118)=0,"",SUM(L118,M118,N118,X119)) | V118: -183 | X118: =IFERROR(IF(W118="","",IF(W118=1,IF(V118>0,V118/100,100/ABS(V118)),-1)),"")
L119: =IFERROR(IF(I119="","",IF(I119=1,IF(F119>0,F119/100,100/ABS(F119)),-1)),"") | M119: =IFERROR(IF(J119="","",IF(J119=1,IF(G119>0,G119/100,100/ABS(G119)),-1)),"") | N119: =IFERROR(IF(K119="","",IF(K119=1,IF(H119>0,H119/100,100/ABS(H119)),-1)),"") | O119: =IF(COUNT(I119,J119,K119,W119)=0,"",SUM(L119,M119,N119,X120)) | V119: -256 | X119: =IFERROR(IF(W119="","",IF(W119=1,IF(V119>0,V119/100,100/ABS(V119)),-1)),"")
L120: =IFERROR(IF(I120="","",IF(I120=1,IF(F122>0,F122/100,100/ABS(F122)),-1)),"") | M120: =IFERROR(IF(J120="","",IF(J120=1,IF(G122>0,G122/100,100/ABS(G122)),-1)),"") | N120: =IFERROR(IF(K120="","",IF(K120=1,IF(H120>0,H120/100,100/ABS(H120)),-1)),"") | O120: =IF(COUNT(I120,J120,K120,V108)=0,"",SUM(L120,M120,N120,X121)) -> 0 | V120: -244 | X120: =IFERROR(IF(W109="","",IF(W120=1,IF(V120>0,V120/100,100/ABS(V120)),-1)),"")
L121: =IFERROR(IF(I121="","",IF(I121=1,IF(F123>0,F123/100,100/ABS(F123)),-1)),"") | M121: =IFERROR(IF(J121="","",IF(J121=1,IF(G123>0,G123/100,100/ABS(G123)),-1)),"") | N121: =IFERROR(IF(K121="","",IF(K121=1,IF(H123>0,H123/100,100/ABS(H123)),-1)),"") | V121: -172 | X121: =IFERROR(IF(W121="","",IF(W121=1,IF(V121>0,V121/100,100/ABS(V121)),-1)),"")
X122: =IFERROR(IF(W111="","",IF(W122=1,IF(V122>0,V122/100,100/ABS(V122)),-1)),"")
X123: =IFERROR(IF(W123="","",IF(W123=1,IF(V123>0,V123/100,100/ABS(V123)),-1)),"")
L124: =IFERROR(IF(I124="","",IF(I124=1,IF(F124>0,F124/100,100/ABS(F124)),-1)),"") | M124: =IFERROR(IF(J124="","",IF(J124=1,IF(G124>0,G124/100,100/ABS(G124)),-1)),"") | N124: =IFERROR(IF(K124="","",IF(K124=1,IF(H124>0,H124/100,100/ABS(H124)),-1)),"") | O124: =IFERROR(IF(_xlfn.CONCAT(I124,J124,K124)="","",IFERROR(L124,0)+IFERROR(M124,0)+IFERROR(N124,0)),"") | X124: =IFERROR(IF(W113="","",IF(W124=1,IF(V124>0,V124/100,100/ABS(V124)),-1)),"")
L125: =IFERROR(IF(I125="","",IF(I125=1,IF(F125>0,F125/100,100/ABS(F125)),-1)),"") | M125: =IFERROR(IF(J125="","",IF(J125=1,IF(G125>0,G125/100,100/ABS(G125)),-1)),"") | N125: =IFERROR(IF(K125="","",IF(K125=1,IF(H125>0,H125/100,100/ABS(H125)),-1)),"") | O125: =IFERROR(IF(_xlfn.CONCAT(I125,J125,K125)="","",IFERROR(L125,0)+IFERROR(M125,0)+IFERROR(N125,0)),"") | X125: =IFERROR(IF(W125="","",IF(W125=1,IF(V125>0,V125/100,100/ABS(V125)),-1)),"")
L126: =IFERROR(IF(I126="","",IF(I126=1,IF(F126>0,F126/100,100/ABS(F126)),-1)),"") | M126: =IFERROR(IF(J126="","",IF(J126=1,IF(G126>0,G126/100,100/ABS(G126)),-1)),"") | N126: =IFERROR(IF(K126="","",IF(K126=1,IF(H126>0,H126/100,100/ABS(H126)),-1)),"") | O126: =IFERROR(IF(_xlfn.CONCAT(I126,J126,K126)="","",IFERROR(L126,0)+IFERROR(M126,0)+IFERROR(N126,0)),"") | X126: =IFERROR(IF(W115="","",IF(W126=1,IF(V126>0,V126/100,100/ABS(V126)),-1)),"")
L127: =IFERROR(IF(I127="","",IF(I127=1,IF(F127>0,F127/100,100/ABS(F127)),-1)),"") | M127: =IFERROR(IF(J127="","",IF(J127=1,IF(G127>0,G127/100,100/ABS(G127)),-1)),"") | N127: =IFERROR(IF(K127="","",IF(K127=1,IF(H127>0,H127/100,100/ABS(H127)),-1)),"") | O127: =IFERROR(IF(_xlfn.CONCAT(I127,J127,K127)="","",IFERROR(L127,0)+IFERROR(M127,0)+IFERROR(N127,0)),"") | X127: =IFERROR(IF(W127="","",IF(W127=1,IF(V127>0,V127/100,100/ABS(V127)),-1)),"")
L128: =IFERROR(IF(I128="","",IF(I128=1,IF(F128>0,F128/100,100/ABS(F128)),-1)),"") | M128: =IFERROR(IF(J128="","",IF(J128=1,IF(G128>0,G128/100,100/ABS(G128)),-1)),"") | N128: =IFERROR(IF(K128="","",IF(K128=1,IF(H128>0,H128/100,100/ABS(H128)),-1)),"") | O128: =IFERROR(IF(_xlfn.CONCAT(I128,J128,K128)="","",IFERROR(L128,0)+IFERROR(M128,0)+IFERROR(N128,0)),"") | X128: =IFERROR(IF(W117="","",IF(W128=1,IF(V128>0,V128/100,100/ABS(V128)),-1)),"")
L129: =IFERROR(IF(I129="","",IF(I129=1,IF(F129>0,F129/100,100/ABS(F129)),-1)),"") | M129: =IFERROR(IF(J129="","",IF(J129=1,IF(G129>0,G129/100,100/ABS(G129)),-1)),"") | N129: =IFERROR(IF(K129="","",IF(K129=1,IF(H129>0,H129/100,100/ABS(H129)),-1)),"") | O129: =IFERROR(IF(_xlfn.CONCAT(I129,J129,K129)="","",IFERROR(L129,0)+IFERROR(M129,0)+IFERROR(N129,0)),"") | X129: =IFERROR(IF(W129="","",IF(W129=1,IF(V129>0,V129/100,100/ABS(V129)),-1)),"")
L130: =IFERROR(IF(I130="","",IF(I130=1,IF(F130>0,F130/100,100/ABS(F130)),-1)),"") | M130: =IFERROR(IF(J130="","",IF(J130=1,IF(G130>0,G130/100,100/ABS(G130)),-1)),"") | N130: =IFERROR(IF(K130="","",IF(K130=1,IF(H130>0,H130/100,100/ABS(H130)),-1)),"") | O130: =IFERROR(IF(_xlfn.CONCAT(I130,J130,K130)="","",IFERROR(L130,0)+IFERROR(M130,0)+IFERROR(N130,0)),"") | X130: =IFERROR(IF(W119="","",IF(W130=1,IF(V130>0,V130/100,100/ABS(V130)),-1)),"")
L131: =IFERROR(IF(I131="","",IF(I131=1,IF(F131>0,F131/100,100/ABS(F131)),-1)),"") | M131: =IFERROR(IF(J131="","",IF(J131=1,IF(G131>0,G131/100,100/ABS(G131)),-1)),"") | N131: =IFERROR(IF(K131="","",IF(K131=1,IF(H131>0,H131/100,100/ABS(H131)),-1)),"") | O131: =IFERROR(IF(_xlfn.CONCAT(I131,J131,K131)="","",IFERROR(L131,0)+IFERROR(M131,0)+IFERROR(N131,0)),"") | X131: =IFERROR(IF(W131="","",IF(W131=1,IF(V131>0,V131/100,100/ABS(V131)),-1)),"")
L132: =IFERROR(IF(I132="","",IF(I132=1,IF(F132>0,F132/100,100/ABS(F132)),-1)),"") | M132: =IFERROR(IF(J132="","",IF(J132=1,IF(G132>0,G132/100,100/ABS(G132)),-1)),"") | N132: =IFERROR(IF(K132="","",IF(K132=1,IF(H132>0,H132/100,100/ABS(H132)),-1)),"") | O132: =IFERROR(IF(_xlfn.CONCAT(I132,J132,K132)="","",IFERROR(L132,0)+IFERROR(M132,0)+IFERROR(N132,0)),"") | X132: =IFERROR(IF(W121="","",IF(W132=1,IF(V132>0,V132/100,100/ABS(V132)),-1)),"")
L133: =IFERROR(IF(I133="","",IF(I133=1,IF(F133>0,F133/100,100/ABS(F133)),-1)),"") | M133: =IFERROR(IF(J133="","",IF(J133=1,IF(G133>0,G133/100,100/ABS(G133)),-1)),"") | N133: =IFERROR(IF(K133="","",IF(K133=1,IF(H133>0,H133/100,100/ABS(H133)),-1)),"") | O133: =IFERROR(IF(_xlfn.CONCAT(I133,J133,K133)="","",IFERROR(L133,0)+IFERROR(M133,0)+IFERROR(N133,0)),"") | X133: =IFERROR(IF(W133="","",IF(W133=1,IF(V133>0,V133/100,100/ABS(V133)),-1)),"")
L134: =IFERROR(IF(I134="","",IF(I134=1,IF(F134>0,F134/100,100/ABS(F134)),-1)),"") | M134: =IFERROR(IF(J134="","",IF(J134=1,IF(G134>0,G134/100,100/ABS(G134)),-1)),"") | N134: =IFERROR(IF(K134="","",IF(K134=1,IF(H134>0,H134/100,100/ABS(H134)),-1)),"") | O134: =IFERROR(IF(_xlfn.CONCAT(I134,J134,K134)="","",IFERROR(L134,0)+IFERROR(M134,0)+IFERROR(N134,0)),"") | X134: =IFERROR(IF(W123="","",IF(W134=1,IF(V134>0,V134/100,100/ABS(V134)),-1)),"")
L135: =IFERROR(IF(I135="","",IF(I135=1,IF(F135>0,F135/100,100/ABS(F135)),-1)),"") | M135: =IFERROR(IF(J135="","",IF(J135=1,IF(G135>0,G135/100,100/ABS(G135)),-1)),"") | N135: =IFERROR(IF(K135="","",IF(K135=1,IF(H135>0,H135/100,100/ABS(H135)),-1)),"") | O135: =IFERROR(IF(_xlfn.CONCAT(I135,J135,K135)="","",IFERROR(L135,0)+IFERROR(M135,0)+IFERROR(N135,0)),"") | X135: =IFERROR(IF(W135="","",IF(W135=1,IF(V135>0,V135/100,100/ABS(V135)),-1)),"")
L136: =IFERROR(IF(I136="","",IF(I136=1,IF(F136>0,F136/100,100/ABS(F136)),-1)),"") | M136: =IFERROR(IF(J136="","",IF(J136=1,IF(G136>0,G136/100,100/ABS(G136)),-1)),"") | N136: =IFERROR(IF(K136="","",IF(K136=1,IF(H136>0,H136/100,100/ABS(H136)),-1)),"") | O136: =IFERROR(IF(_xlfn.CONCAT(I136,J136,K136)="","",IFERROR(L136,0)+IFERROR(M136,0)+IFERROR(N136,0)),"") | X136: =IFERROR(IF(W125="","",IF(W136=1,IF(V136>0,V136/100,100/ABS(V136)),-1)),"")
L137: =IFERROR(IF(I137="","",IF(I137=1,IF(F137>0,F137/100,100/ABS(F137)),-1)),"") | M137: =IFERROR(IF(J137="","",IF(J137=1,IF(G137>0,G137/100,100/ABS(G137)),-1)),"") | N137: =IFERROR(IF(K137="","",IF(K137=1,IF(H137>0,H137/100,100/ABS(H137)),-1)),"") | O137: =IFERROR(IF(_xlfn.CONCAT(I137,J137,K137)="","",IFERROR(L137,0)+IFERROR(M137,0)+IFERROR(N137,0)),"") | X137: =IFERROR(IF(W137="","",IF(W137=1,IF(V137>0,V137/100,100/ABS(V137)),-1)),"")
L138: =IFERROR(IF(I138="","",IF(I138=1,IF(F138>0,F138/100,100/ABS(F138)),-1)),"") | M138: =IFERROR(IF(J138="","",IF(J138=1,IF(G138>0,G138/100,100/ABS(G138)),-1)),"") | N138: =IFERROR(IF(K138="","",IF(K138=1,IF(H138>0,H138/100,100/ABS(H138)),-1)),"") | O138: =IFERROR(IF(_xlfn.CONCAT(I138,J138,K138)="","",IFERROR(L138,0)+IFERROR(M138,0)+IFERROR(N138,0)),"") | X138: =IFERROR(IF(W127="","",IF(W138=1,IF(V138>0,V138/100,100/ABS(V138)),-1)),"")
L139: =IFERROR(IF(I139="","",IF(I139=1,IF(F139>0,F139/100,100/ABS(F139)),-1)),"") | M139: =IFERROR(IF(J139="","",IF(J139=1,IF(G139>0,G139/100,100/ABS(G139)),-1)),"") | N139: =IFERROR(IF(K139="","",IF(K139=1,IF(H139>0,H139/100,100/ABS(H139)),-1)),"") | O139: =IFERROR(IF(_xlfn.CONCAT(I139,J139,K139)="","",IFERROR(L139,0)+IFERROR(M139,0)+IFERROR(N139,0)),"") | X139: =IFERROR(IF(W139="","",IF(W139=1,IF(V139>0,V139/100,100/ABS(V139)),-1)),"")
L140: =IFERROR(IF(I140="","",IF(I140=1,IF(F140>0,F140/100,100/ABS(F140)),-1)),"") | M140: =IFERROR(IF(J140="","",IF(J140=1,IF(G140>0,G140/100,100/ABS(G140)),-1)),"") | N140: =IFERROR(IF(K140="","",IF(K140=1,IF(H140>0,H140/100,100/ABS(H140)),-1)),"") | O140: =IFERROR(IF(_xlfn.CONCAT(I140,J140,K140)="","",IFERROR(L140,0)+IFERROR(M140,0)+IFERROR(N140,0)),"") | X140: =IFERROR(IF(W129="","",IF(W140=1,IF(V140>0,V140/100,100/ABS(V140)),-1)),"")
L141: =IFERROR(IF(I141="","",IF(I141=1,IF(F141>0,F141/100,100/ABS(F141)),-1)),"") | M141: =IFERROR(IF(J141="","",IF(J141=1,IF(G141>0,G141/100,100/ABS(G141)),-1)),"") | N141: =IFERROR(IF(K141="","",IF(K141=1,IF(H141>0,H141/100,100/ABS(H141)),-1)),"") | O141: =IFERROR(IF(_xlfn.CONCAT(I141,J141,K141)="","",IFERROR(L141,0)+IFERROR(M141,0)+IFERROR(N141,0)),"") | X141: =IFERROR(IF(W141="","",IF(W141=1,IF(V141>0,V141/100,100/ABS(V141)),-1)),"")
L142: =IFERROR(IF(I142="","",IF(I142=1,IF(F142>0,F142/100,100/ABS(F142)),-1)),"") | M142: =IFERROR(IF(J142="","",IF(J142=1,IF(G142>0,G142/100,100/ABS(G142)),-1)),"") | N142: =IFERROR(IF(K142="","",IF(K142=1,IF(H142>0,H142/100,100/ABS(H142)),-1)),"") | O142: =IFERROR(IF(_xlfn.CONCAT(I142,J142,K142)="","",IFERROR(L142,0)+IFERROR(M142,0)+IFERROR(N142,0)),"") | X142: =IFERROR(IF(W131="","",IF(W142=1,IF(V142>0,V142/100,100/ABS(V142)),-1)),"")
L143: =IFERROR(IF(I143="","",IF(I143=1,IF(F143>0,F143/100,100/ABS(F143)),-1)),"") | M143: =IFERROR(IF(J143="","",IF(J143=1,IF(G143>0,G143/100,100/ABS(G143)),-1)),"") | N143: =IFERROR(IF(K143="","",IF(K143=1,IF(H143>0,H143/100,100/ABS(H143)),-1)),"") | O143: =IFERROR(IF(_xlfn.CONCAT(I143,J143,K143)="","",IFERROR(L143,0)+IFERROR(M143,0)+IFERROR(N143,0)),"") | X143: =IFERROR(IF(W143="","",IF(W143=1,IF(V143>0,V143/100,100/ABS(V143)),-1)),"")
L144: =IFERROR(IF(I144="","",IF(I144=1,IF(F144>0,F144/100,100/ABS(F144)),-1)),"") | M144: =IFERROR(IF(J144="","",IF(J144=1,IF(G144>0,G144/100,100/ABS(G144)),-1)),"") | N144: =IFERROR(IF(K144="","",IF(K144=1,IF(H144>0,H144/100,100/ABS(H144)),-1)),"") | O144: =IFERROR(IF(_xlfn.CONCAT(I144,J144,K144)="","",IFERROR(L144,0)+IFERROR(M144,0)+IFERROR(N144,0)),"") | X144: =IFERROR(IF(W133="","",IF(W144=1,IF(V144>0,V144/100,100/ABS(V144)),-1)),"")
L145: =IFERROR(IF(I145="","",IF(I145=1,IF(F145>0,F145/100,100/ABS(F145)),-1)),"") | M145: =IFERROR(IF(J145="","",IF(J145=1,IF(G145>0,G145/100,100/ABS(G145)),-1)),"") | N145: =IFERROR(IF(K145="","",IF(K145=1,IF(H145>0,H145/100,100/ABS(H145)),-1)),"") | O145: =IFERROR(IF(_xlfn.CONCAT(I145,J145,K145)="","",IFERROR(L145,0)+IFERROR(M145,0)+IFERROR(N145,0)),"") | X145: =IFERROR(IF(W145="","",IF(W145=1,IF(V145>0,V145/100,100/ABS(V145)),-1)),"")
L146: =IFERROR(IF(I146="","",IF(I146=1,IF(F146>0,F146/100,100/ABS(F146)),-1)),"") | M146: =IFERROR(IF(J146="","",IF(J146=1,IF(G146>0,G146/100,100/ABS(G146)),-1)),"") | N146: =IFERROR(IF(K146="","",IF(K146=1,IF(H146>0,H146/100,100/ABS(H146)),-1)),"") | O146: =IFERROR(IF(_xlfn.CONCAT(I146,J146,K146)="","",IFERROR(L146,0)+IFERROR(M146,0)+IFERROR(N146,0)),"") | X146: =IFERROR(IF(W135="","",IF(W146=1,IF(V146>0,V146/100,100/ABS(V146)),-1)),"")
L147: =IFERROR(IF(I147="","",IF(I147=1,IF(F147>0,F147/100,100/ABS(F147)),-1)),"") | M147: =IFERROR(IF(J147="","",IF(J147=1,IF(G147>0,G147/100,100/ABS(G147)),-1)),"") | N147: =IFERROR(IF(K147="","",IF(K147=1,IF(H147>0,H147/100,100/ABS(H147)),-1)),"") | O147: =IFERROR(IF(_xlfn.CONCAT(I147,J147,K147)="","",IFERROR(L147,0)+IFERROR(M147,0)+IFERROR(N147,0)),"") | X147: =IFERROR(IF(W147="","",IF(W147=1,IF(V147>0,V147/100,100/ABS(V147)),-1)),"")
L148: =IFERROR(IF(I148="","",IF(I148=1,IF(F148>0,F148/100,100/ABS(F148)),-1)),"") | M148: =IFERROR(IF(J148="","",IF(J148=1,IF(G148>0,G148/100,100/ABS(G148)),-1)),"") | N148: =IFERROR(IF(K148="","",IF(K148=1,IF(H148>0,H148/100,100/ABS(H148)),-1)),"") | O148: =IFERROR(IF(_xlfn.CONCAT(I148,J148,K148)="","",IFERROR(L148,0)+IFERROR(M148,0)+IFERROR(N148,0)),"") | X148: =IFERROR(IF(W137="","",IF(W148=1,IF(V148>0,V148/100,100/ABS(V148)),-1)),"")
...

Sheet Summary
A1: ⚾ Analytic Overview — Summary
A3: Metric | B3: HR Props | C3: 2H Props | D3: 3H Props | E3: 1H Props | F3: Total
A4: Bets placed | B4: =COUNTA('Props Tracker'!I5:I204) -> 28 | C4: =COUNTA('Props Tracker'!J5:J204) -> 28 | D4: =COUNTA('Props Tracker'!K5:K204) -> 28 | E4: =COUNTA('Props Tracker'!W5:W204) -> 28 | F4: =B4+C4+D4+E4 -> 112
A5: Wins | B5: =COUNTIF('Props Tracker'!I5:I204,1) -> 3 | C5: =COUNTIF('Props Tracker'!J5:J204,1) -> 9 | D5: =COUNTIF('Props Tracker'!K5:K204,1) -> 3 | E5: =COUNTIF('Props Tracker'!W5:W204,1) -> 19 | F5: =B5+C5+D5+E5 -> 34
A6: Losses | B6: =COUNTIF('Props Tracker'!I5:I204,0) -> 25 | C6: =COUNTIF('Props Tracker'!J5:J204,0) -> 19 | D6: =COUNTIF('Props Tracker'!K5:K204,0) -> 25 | E6: =COUNTIF('Props Tracker'!W5:W204,0) -> 9 | F6: =B6+C6+D6+E6 -> 78
A7: Win rate | B7: =IFERROR(COUNTIF('Props Tracker'!I5:I204,1)/COUNTA('Props Tracker'!I5:I204),0) -> 0.10714286 | C7: =IFERROR(COUNTIF('Props Tracker'!J5:J204,1)/COUNTA('Props Tracker'!J5:J204),0) -> 0.32142857 | D7: =IFERROR(COUNTIF('Props Tracker'!K5:K204,1)/COUNTA('Props Tracker'!K5:K204),0) -> 0.10714286 | E7: =IFERROR(COUNTIF('Props Tracker'!W5:W204,1)/COUNTA('Props Tracker'!W5:W204),0) -> 0.67857143 | F7: =IFERROR((B5+C5+D5+E5)/(B4+C4+D4+E4),0) -> 0.30357143
A8: Total P&L ($) | B8: =IFERROR(SUM('Props Tracker'!L5:L204),0) -> -13.77 | C8: =IFERROR(SUM('Props Tracker'!M5:M204),0) -> 3.66 | D8: =IFERROR(SUM('Props Tracker'!N5:N204),0) -> 6.4 | E8: =IFERROR(SUM('Props Tracker'!X5:X204),0) -> -0.87557019 | F8: =B8+C8+D8+E8 -> -4.5855702
A9: ROI | B9: =IFERROR(SUM('Props Tracker'!L5:L204)/COUNTA('Props Tracker'!I5:I204),0) -> -0.49178571 | C9: =IFERROR(SUM('Props Tracker'!M5:M204)/COUNTA('Props Tracker'!J5:J204),0) -> 0.13071429 | D9: =IFERROR(SUM('Props Tracker'!N5:N204)/COUNTA('Props Tracker'!K5:K204),0) -> 0.22857143 | E9: =IFERROR(SUM('Props Tracker'!X5:X204)/COUNTA('Props Tracker'!W5:W204),0) -> -0.031270364 | F9: =IFERROR(F8/F4,0) -> -0.040942591
A10: Break even win rate | B10: ='Props Tracker'!S4 -> 17.016449 | C10: ='Props Tracker'!T4 -> 28.938907 | D10: ='Props Tracker'!U4 -> 7.9295154 | E10: ='Props Tracker'!Z4 -> 69.855305
A12: Profit by Model-Score Threshold
A13: Score | B13: HR | E13: 2+H | H13: 3+H | K13: 1+H | N13: Total $
B14: Profit | C14: % Profit | D14: W/B · Win% | E14: Profit | F14: % Profit | G14: W/B · Win% | H14: Profit | I14: % Profit | J14: W/B · Win% | K14: Profit | L14: % Profit | M14: W/B · Win%
A15: 158 | B15: =SUMIFS('Props Tracker'!$L$5:$L$204,'Props Tracker'!$D$5:$D$204,">="&$A15) -> 0.23 | C15: =IF((COUNTIFS('Props Tracker'!$D$5:$D$204,">="&$A15,'Props Tracker'!$I$5:$I$204,1)+COUNTIFS('Props Tracker'!$D$5:$D$204,">="&$A15,'Props Tracker'!$I$5:$I$204,0))=0,"—",B15/(COUNTIFS('Props Tracker'!$D$5:$D$204,">="&$A15,'Props Tracker'!$I$5:$I$204,1)+COUNTIFS('Props Tracker'!$D$5:$D$204,">="&$A15,'Props Tracker'!$I$5:$I$204,0))) -> 0.016428571 | D15: =IF((COUNTIFS('Props Tracker'!$D$5:$D$204,">="&$A15,'Props Tracker'!$I$5:$I$204,1)+COUNTIFS('Props Tracker'!$D$5:$D$204,">="&$A15,'Props Tracker'!$I$5:$I$204,0))=0,"—",COUNTIFS('Props Tracker'!$D$5:$D$204,">="&$A15,'Props Tracker'!$I$5:$I$204,1)&"/"&(COUNTIFS('Props Tracker'!$D$5:$D$204,">="&$A15,'Props Tracker'!$I$5:$I$204,1)+COUNTIFS('Props Tracker'!$D$5:$D$204,">="&$A15,'Props Tracker'!$I$5:$I$204,0))&" "&TEXT(COUNTIFS('Props Tracker'!$D$5:$D$204,">="&$A15,'Props Tracker'!$I$5:$I$204,1)/(COUNTIFS('Props Tracker'!$D$5:$D$204,">="&$A15,'Props Tracker'!$I$5:$I$204,1)+COUNTIFS('Props Tracker'!$D$5:$D$204,">="&$A15,'Props Tracker'!$I$5:$I$204,0)),"0.0%")) -> 3/14 21.4% | E15: =SUMIFS('Props Tracker'!$M$5:$M$204,'Props Tracker'!$D$5:$D$204,">="&$A15) -> 4.92 | F15: =IF((COUNTIFS('Props Tracker'!$D$5:$D$204,">="&$A15,'Props Tracker'!$J$5:$J$204,1)+COUNTIFS('Props Tracker'!$D$5:$D$204,">="&$A15,'Props Tracker'!$J$5:$J$204,0))=0,"—",E15/(COUNTIFS('Props Tracker'!$D$5:$D$204,">="&$A15,'Props Tracker'!$J$5:$J$204,1)+COUNTIFS('Props Tracker'!$D$5:$D$204,">="&$A15,'Props Tracker'!$J$5:$J$204,0))) -> 0.35142857 | G15: =IF((COUNTIFS('Props Tracker'!$D$5:$D$204,">="&$A15,'Props Tracker'!$J$5:$J$204,1)+COUNTIFS('Props Tracker'!$D$5:$D$204,">="&$A15,'Props Tracker'!$J$5:$J$204,0))=0,"—",COUNTIFS('Props Tracker'!$D$5:$D$204,">="&$A15,'Props Tracker'!$J$5:$J$204,1)&"/"&(COUNTIFS('Props Tracker'!$D$5:$D$204,">="&$A15,'Props Tracker'!$J$5:$J$204,1)+COUNTIFS('Props Tracker'!$D$5:$D$204,">="&$A15,'Props Tracker'!$J$5:$J$204,0))&" "&TEXT(COUNTIFS('Props Tracker'!$D$5:$D$204,">="&$A15,'Props Tracker'!$J$5:$J$204,1)/(COUNTIFS('Props Tracker'!$D$5:$D$204,">="&$A15,'Props Tracker'!$J$5:$J$204,1)+COUNTIFS('Props Tracker'!$D$5:$D$204,">="&$A15,'Props Tracker'!$J$5:$J$204,0)),"0.0%")) -> 5/14 35.7% | H15: =SUMIFS('Props Tracker'!$N$5:$N$204,'Props Tracker'!$D$5:$D$204,">="&$A15) -> -1.8 | I15: =IF((COUNTIFS('Props Tracker'!$D$5:$D$204,">="&$A15,'Props Tracker'!$K$5:$K$204,1)+COUNTIFS('Props Tracker'!$D$5:$D$204,">="&$A15,'Props Tracker'!$K$5:$K$204,0))=0,"—",H15/(COUNTIFS('Props Tracker'!$D$5:$D$204,">="&$A15,'Props Tracker'!$K$5:$K$204,1)+COUNTIFS('Props Tracker'!$D$5:$D$204,">="&$A15,'Props Tracker'!$K$5:$K$204,0))) -> -0.12857143 | J15: =IF((COUNTIFS('Props Tracker'!$D$5:$D$204,">="&$A15,'Props Tracker'!$K$5:$K$204,1)+COUNTIFS('Props Tracker'!$D$5:$D$204,">="&$A15,'Props Tracker'!$K$5:$K$204,0))=0,"—",COUNTIFS('Props Tracker'!$D$5:$D$204,">="&$A15,'Props Tracker'!$K$5:$K$204,1)&"/"&(COUNTIFS('Props Tracker'!$D$5:$D$204,">="&$A15,'Props Tracker'!$K$5:$K$204,1)+COUNTIFS('Props Tracker'!$D$5:$D$204,">="&$A15,'Props Tracker'!$K$5:$K$204,0))&" "&TEXT(COUNTIFS('Props Tracker'!$D$5:$D$204,">="&$A15,'Props Tracker'!$K$5:$K$204,1)/(COUNTIFS('Props Tracker'!$D$5:$D$204,">="&$A15,'Props Tracker'!$K$5:$K$204,1)+COUNTIFS('Props Tracker'!$D$5:$D$204,">="&$A15,'Props Tracker'!$K$5:$K$204,0)),"0.0%")) -> 1/14 7.1% | K15: =SUMIFS('Props Tracker'!$X$5:$X$204,'Props Tracker'!$D$5:$D$204,">="&$A15) -> 0.38686956 | L15: =IF((COUNTIFS('Props Tracker'!$D$5:$D$204,">="&$A15,'Props Tracker'!$W$5:$W$204,1)+COUNTIFS('Props Tracker'!$D$5:$D$204,">="&$A15,'Props Tracker'!$W$5:$W$204,0))=0,"—",K15/(COUNTIFS('Props Tracker'!$D$5:$D$204,">="&$A15,'Props Tracker'!$W$5:$W$204,1)+COUNTIFS('Props Tracker'!$D$5:$D$204,">="&$A15,'Props Tracker'!$W$5:$W$204,0))) -> 0.02763354 | M15: =IF((COUNTIFS('Props Tracker'!$D$5:$D$204,">="&$A15,'Props Tracker'!$W$5:$W$204,1)+COUNTIFS('Props Tracker'!$D$5:$D$204,">="&$A15,'Props Tracker'!$W$5:$W$204,0))=0,"—",COUNTIFS('Props Tracker'!$D$5:$D$204,">="&$A15,'Props Tracker'!$W$5:$W$204,1)&"/"&(COUNTIFS('Props Tracker'!$D$5:$D$204,">="&$A15,'Props Tracker'!$W$5:$W$204,1)+COUNTIFS('Props Tracker'!$D$5:$D$204,">="&$A15,'Props Tracker'!$W$5:$W$204,0))&" "&TEXT(COUNTIFS('Props Tracker'!$D$5:$D$204,">="&$A15,'Props Tracker'!$W$5:$W$204,1)/(COUNTIFS('Props Tracker'!$D$5:$D$204,">="&$A15,'Props Tracker'!$W$5:$W$204,1)+COUNTIFS('Props Tracker'!$D$5:$D$204,">="&$A15,'Props Tracker'!$W$5:$W$204,0)),"0.0%")) -> 10/14 71.4% | N15: =SUM(B15,E15,H15,K15) -> 3.7368696
A16: 160 | B16: =SUMIFS('Props Tracker'!$L$5:$L$204,'Props Tracker'!$D$5:$D$204,">="&$A16) -> 1.23 | C16: =IF((COUNTIFS('Props Tracker'!$D$5:$D$204,">="&$A16,'Props Tracker'!$I$5:$I$204,1)+COUNTIFS('Props Tracker'!$D$5:$D$204,">="&$A16,'Props Tracker'!$I$5:$I$204,0))=0,"—",B16/(COUNTIFS('Props Tracker'!$D$5:$D$204,">="&$A16,'Props Tracker'!$I$5:$I$204,1)+COUNTIFS('Props Tracker'!$D$5:$D$204,">="&$A16,'Props Tracker'!$I$5:$I$204,0))) -> 0.094615385 | D16: =IF((COUNTIFS('Props Tracker'!$D$5:$D$204,">="&$A16,'Props Tracker'!$I$5:$I$204,1)+COUNTIFS('Props Tracker'!$D$5:$D$204,">="&$A16,'Props Tracker'!$I$5:$I$204,0))=0,"—",COUNTIFS('Props Tracker'!$D$5:$D$204,">="&$A16,'Props Tracker'!$I$5:$I$204,1)&"/"&(COUNTIFS('Props Tracker'!$D$5:$D$204,">="&$A16,'Props Tracker'!$I$5:$I$204,1)+COUNTIFS('Props Tracker'!$D$5:$D$204,">="&$A16,'Props Tracker'!$I$5:$I$204,0))&" "&TEXT(COUNTIFS('Props Tracker'!$D$5:$D$204,">="&$A16,'Props Tracker'!$I$5:$I$204,1)/(COUNTIFS('Props Tracker'!$D$5:$D$204,">="&$A16,'Props Tracker'!$I$5:$I$204,1)+COUNTIFS('Props Tracker'!$D$5:$D$204,">="&$A16,'Props Tracker'!$I$5:$I$204,0)),"0.0%")) -> 3/13 23.1% | E16: =SUMIFS('Props Tracker'!$M$5:$M$204,'Props Tracker'!$D$5:$D$204,">="&$A16) -> 5.92 | F16: =IF((COUNTIFS('Props Tracker'!$D$5:$D$204,">="&$A16,'Props Tracker'!$J$5:$J$204,1)+COUNTIFS('Props Tracker'!$D$5:$D$204,">="&$A16,'Props Tracker'!$J$5:$J$204,0))=0,"—",E16/(COUNTIFS('Props Tracker'!$D$5:$D$204,">="&$A16,'Props Tracker'!$J$5:$J$204,1)+COUNTIFS('Props Tracker'!$D$5:$D$204,">="&$A16,'Props Tracker'!$J$5:$J$204,0))) -> 0.45538462 | G16: =IF((COUNTIFS('Props Tracker'!$D$5:$D$204,">="&$A16,'Props Tracker'!$J$5:$J$204,1)+COUNTIFS('Props Tracker'!$D$5:$D$204,">="&$A16,'Props Tracker'!$J$5:$J$204,0))=0,"—",COUNTIFS('Props Tracker'!$D$5:$D$204,">="&$A16,'Props Tracker'!$J$5:$J$204,1)&"/"&(COUNTIFS('Props Tracker'!$D$5:$D$204,">="&$A16,'Props Tracker'!$J$5:$J$204,1)+COUNTIFS('Props Tracker'!$D$5:$D$204,">="&$A16,'Props Tracker'!$J$5:$J$204,0))&" "&TEXT(COUNTIFS('Props Tracker'!$D$5:$D$204,">="&$A16,'Props Tracker'!$J$5:$J$204,1)/(COUNTIFS('Props Tracker'!$D$5:$D$204,">="&$A16,'Props Tracker'!$J$5:$J$204,1)+COUNTIFS('Props Tracker'!$D$5:$D$204,">="&$A16,'Props Tracker'!$J$5:$J$204,0)),"0.0%")) -> 5/13 38.5% | H16: =SUMIFS('Props Tracker'!$N$5:$N$204,'Props Tracker'!$D$5:$D$204,">="&$A16) -> -0.8 | I16: =IF((COUNTIFS('Props Tracker'!$D$5:$D$204,">="&$A16,'Props Tracker'!$K$5:$K$204,1)+COUNTIFS('Props Tracker'!$D$5:$D$204,">="&$A16,'Props Tracker'!$K$5:$K$204,0))=0,"—",H16/(COUNTIFS('Props Tracker'!$D$5:$D$204,">="&$A16,'Props Tracker'!$K$5:$K$204,1)+COUNTIFS('Props Tracker'!$D$5:$D$204,">="&$A16,'Props Tracker'!$K$5:$K$204,0))) -> -0.061538462 | J16: =IF((COUNTIFS('Props Tracker'!$D$5:$D$204,">="&$A16,'Props Tracker'!$K$5:$K$204,1)+COUNTIFS('Props Tracker'!$D$5:$D$204,">="&$A16,'Props Tracker'!$K$5:$K$204,0))=0,"—",COUNTIFS('Props Tracker'!$D$5:$D$204,">="&$A16,'Props Tracker'!$K$5:$K$204,1)&"/"&(COUNTIFS('Props Tracker'!$D$5:$D$204,">="&$A16,'Props Tracker'!$K$5:$K$204,1)+COUNTIFS('Props Tracker'!$D$5:$D$204,">="&$A16,'Props Tracker'!$K$5:$K$204,0))&" "&TEXT(COUNTIFS('Props Tracker'!$D$5:$D$204,">="&$A16,'Props Tracker'!$K$5:$K$204,1)/(COUNTIFS('Props Tracker'!$D$5:$D$204,">="&$A16,'Props Tracker'!$K$5:$K$204,1)+COUNTIFS('Props Tracker'!$D$5:$D$204,">="&$A16,'Props Tracker'!$K$5:$K$204,0)),"0.0%")) -> 1/13 7.7% | K16: =SUMIFS('Props Tracker'!$X$5:$X$204,'Props Tracker'!$D$5:$D$204,">="&$A16) -> 1.3868696 | L16: =IF((COUNTIFS('Props Tracker'!$D$5:$D$204,">="&$A16,'Props Tracker'!$W$5:$W$204,1)+COUNTIFS('Props Tracker'!$D$5:$D$204,">="&$A16,'Props Tracker'!$W$5:$W$204,0))=0,"—",K16/(COUNTIFS('Props Tracker'!$D$5:$D$204,">="&$A16,'Props Tracker'!$W$5:$W$204,1)+COUNTIFS('Props Tracker'!$D$5:$D$204,">="&$A16,'Props Tracker'!$W$5:$W$204,0))) -> 0.10668227 | M16: =IF((COUNTIFS('Props Tracker'!$D$5:$D$204,">="&$A16,'Props Tracker'!$W$5:$W$204,1)+COUNTIFS('Props Tracker'!$D$5:$D$204,">="&$A16,'Props Tracker'!$W$5:$W$204,0))=0,"—",COUNTIFS('Props Tracker'!$D$5:$D$204,">="&$A16,'Props Tracker'!$W$5:$W$204,1)&"/"&(COUNTIFS('Props Tracker'!$D$5:$D$204,">="&$A16,'Props Tracker'!$W$5:$W$204,1)+COUNTIFS('Props Tracker'!$D$5:$D$204,">="&$A16,'Props Tracker'!$W$5:$W$204,0))&" "&TEXT(COUNTIFS('Props Tracker'!$D$5:$D$204,">="&$A16,'Props Tracker'!$W$5:$W$204,1)/(COUNTIFS('Props Tracker'!$D$5:$D$204,">="&$A16,'Props Tracker'!$W$5:$W$204,1)+COUNTIFS('Props Tracker'!$D$5:$D$204,">="&$A16,'Props Tracker'!$W$5:$W$204,0)),"0.0%")) -> 10/13 76.9% | N16: =SUM(B16,E16,H16,K16) -> 7.7368696
A17: 164 | B17: =SUMIFS('Props Tracker'!$L$5:$L$204,'Props Tracker'!$D$5:$D$204,">="&$A17) -> 8.23 | C17: =IF((COUNTIFS('Props Tracker'!$D$5:$D$204,">="&$A17,'Props Tracker'!$I$5:$I$204,1)+COUNTIFS('Props Tracker'!$D$5:$D$204,">="&$A17,'Props Tracker'!$I$5:$I$204,0))=0,"—",B17/(COUNTIFS('Props Tracker'!$D$5:$D$204,">="&$A17,'Props Tracker'!$I$5:$I$204,1)+COUNTIFS('Props Tracker'!$D$5:$D$204,">="&$A17,'Props Tracker'!$I$5:$I$204,0))) -> 1.3716667 | D17: =IF((COUNTIFS('Props Tracker'!$D$5:$D$204,">="&$A17,'Props Tracker'!$I$5:$I$204,1)+COUNTIFS('Props Tracker'!$D$5:$D$204,">="&$A17,'Props Tracker'!$I$5:$I$204,0))=0,"—",COUNTIFS('Props Tracker'!$D$5:$D$204,">="&$A17,'Props Tracker'!$I$5:$I$204,1)&"/"&(COUNTIFS('Props Tracker'!$D$5:$D$204,">="&$A17,'Props Tracker'!$I$5:$I$204,1)+COUNTIFS('Props Tracker'!$D$5:$D$204,">="&$A17,'Props Tracker'!$I$5:$I$204,0))&" "&TEXT(COUNTIFS('Props Tracker'!$D$5:$D$204,">="&$A17,'Props Tracker'!$I$5:$I$204,1)/(COUNTIFS('Props Tracker'!$D$5:$D$204,">="&$A17,'Props Tracker'!$I$5:$I$204,1)+COUNTIFS('Props Tracker'!$D$5:$D$204,">="&$A17,'Props Tracker'!$I$5:$I$204,0)),"0.0%")) -> 3/6 50.0% | E17: =SUMIFS('Props Tracker'!$M$5:$M$204,'Props Tracker'!$D$5:$D$204,">="&$A17) -> 4.98 | F17: =IF((COUNTIFS('Props Tracker'!$D$5:$D$204,">="&$A17,'Props Tracker'!$J$5:$J$204,1)+COUNTIFS('Props Tracker'!$D$5:$D$204,">="&$A17,'Props Tracker'!$J$5:$J$204,0))=0,"—",E17/(COUNTIFS('Props Tracker'!$D$5:$D$204,">="&$A17,'Props Tracker'!$J$5:$J$204,1)+COUNTIFS('Props Tracker'!$D$5:$D$204,">="&$A17,'Props Tracker'!$J$5:$J$204,0))) -> 0.83 | G17: =IF((COUNTIFS('Props Tracker'!$D$5:$D$204,">="&$A17,'Props Tracker'!$J$5:$J$204,1)+COUNTIFS('Props Tracker'!$D$5:$D$204,">="&$A17,'Props Tracker'!$J$5:$J$204,0))=0,"—",COUNTIFS('Props Tracker'!$D$5:$D$204,">="&$A17,'Props Tracker'!$J$5:$J$204,1)&"/"&(COUNTIFS('Props Tracker'!$D$5:$D$204,">="&$A17,'Props Tracker'!$J$5:$J$204,1)+COUNTIFS('Props Tracker'!$D$5:$D$204,">="&$A17,'Props Tracker'!$J$5:$J$204,0))&" "&TEXT(COUNTIFS('Props Tracker'!$D$5:$D$204,">="&$A17,'Props Tracker'!$J$5:$J$204,1)/(COUNTIFS('Props Tracker'!$D$5:$D$204,">="&$A17,'Props Tracker'!$J$5:$J$204,1)+COUNTIFS('Props Tracker'!$D$5:$D$204,">="&$A17,'Props Tracker'!$J$5:$J$204,0)),"0.0%")) -> 3/6 50.0% | H17: =SUMIFS('Props Tracker'!$N$5:$N$204,'Props Tracker'!$D$5:$D$204,">="&$A17) -> 6.2 | I17: =IF((COUNTIFS('Props Tracker'!$D$5:$D$204,">="&$A17,'Props Tracker'!$K$5:$K$204,1)+COUNTIFS('Props Tracker'!$D$5:$D$204,">="&$A17,'Props Tracker'!$K$5:$K$204,0))=0,"—",H17/(COUNTIFS('Props Tracker'!$D$5:$D$204,">="&$A17,'Props Tracker'!$K$5:$K$204,1)+COUNTIFS('Props Tracker'!$D$5:$D$204,">="&$A17,'Props Tracker'!$K$5:$K$204,0))) -> 1.0333333 | J17: =IF((COUNTIFS('Props Tracker'!$D$5:$D$204,">="&$A17,'Props Tracker'!$K$5:$K$204,1)+COUNTIFS('Props Tracker'!$D$5:$D$204,">="&$A17,'Props Tracker'!$K$5:$K$204,0))=0,"—",COUNTIFS('Props Tracker'!$D$5:$D$204,">="&$A17,'Props Tracker'!$K$5:$K$204,1)&"/"&(COUNTIFS('Props Tracker'!$D$5:$D$204,">="&$A17,'Props Tracker'!$K$5:$K$204,1)+COUNTIFS('Props Tracker'!$D$5:$D$204,">="&$A17,'Props Tracker'!$K$5:$K$204,0))&" "&TEXT(COUNTIFS('Props Tracker'!$D$5:$D$204,">="&$A17,'Props Tracker'!$K$5:$K$204,1)/(COUNTIFS('Props Tracker'!$D$5:$D$204,">="&$A17,'Props Tracker'!$K$5:$K$204,1)+COUNTIFS('Props Tracker'!$D$5:$D$204,">="&$A17,'Props Tracker'!$K$5:$K$204,0)),"0.0%")) -> 1/6 16.7% | K17: =SUMIFS('Props Tracker'!$X$5:$X$204,'Props Tracker'!$D$5:$D$204,">="&$A17) -> 2.5577433 | L17: =IF((COUNTIFS('Props Tracker'!$D$5:$D$204,">="&$A17,'Props Tracker'!$W$5:$W$204,1)+COUNTIFS('Props Tracker'!$D$5:$D$204,">="&$A17,'Props Tracker'!$W$5:$W$204,0))=0,"—",K17/(COUNTIFS('Props Tracker'!$D$5:$D$204,">="&$A17,'Props Tracker'!$W$5:$W$204,1)+COUNTIFS('Props Tracker'!$D$5:$D$204,">="&$A17,'Props Tracker'!$W$5:$W$204,0))) -> 0.42629054 | M17: =IF((COUNTIFS('Props Tracker'!$D$5:$D$204,">="&$A17,'Props Tracker'!$W$5:$W$204,1)+COUNTIFS('Props Tracker'!$D$5:$D$204,">="&$A17,'Props Tracker'!$W$5:$W$204,0))=0,"—",COUNTIFS('Props Tracker'!$D$5:$D$204,">="&$A17,'Props Tracker'!$W$5:$W$204,1)&"/"&(COUNTIFS('Props Tracker'!$D$5:$D$204,">="&$A17,'Props Tracker'!$W$5:$W$204,1)+COUNTIFS('Props Tracker'!$D$5:$D$204,">="&$A17,'Props Tracker'!$W$5:$W$204,0))&" "&TEXT(COUNTIFS('Props Tracker'!$D$5:$D$204,">="&$A17,'Props Tracker'!$W$5:$W$204,1)/(COUNTIFS('Props Tracker'!$D$5:$D$204,">="&$A17,'Props Tracker'!$W$5:$W$204,1)+COUNTIFS('Props Tracker'!$D$5:$D$204,">="&$A17,'Props Tracker'!$W$5:$W$204,0)),"0.0%")) -> 6/6 100.0% | N17: =SUM(B17,E17,H17,K17) -> 21.967743
A18: 167 | B18: =SUMIFS('Props Tracker'!$L$5:$L$204,'Props Tracker'!$D$5:$D$204,">="&$A18) -> 5.71 | C18: =IF((COUNTIFS('Props Tracker'!$D$5:$D$204,">="&$A18,'Props Tracker'!$I$5:$I$204,1)+COUNTIFS('Props Tracker'!$D$5:$D$204,">="&$A18,'Props Tracker'!$I$5:$I$204,0))=0,"—",B18/(COUNTIFS('Props Tracker'!$D$5:$D$204,">="&$A18,'Props Tracker'!$I$5:$I$204,1)+COUNTIFS('Props Tracker'!$D$5:$D$204,">="&$A18,'Props Tracker'!$I$5:$I$204,0))) -> 1.9033333 | D18: =IF((COUNTIFS('Props Tracker'!$D$5:$D$204,">="&$A18,'Props Tracker'!$I$5:$I$204,1)+COUNTIFS('Props Tracker'!$D$5:$D$204,">="&$A18,'Props Tracker'!$I$5:$I$204,0))=0,"—",COUNTIFS('Props Tracker'!$D$5:$D$204,">="&$A18,'Props Tracker'!$I$5:$I$204,1)&"/"&(COUNTIFS('Props Tracker'!$D$5:$D$204,">="&$A18,'Props Tracker'!$I$5:$I$204,1)+COUNTIFS('Props Tracker'!$D$5:$D$204,">="&$A18,'Props Tracker'!$I$5:$I$204,0))&" "&TEXT(COUNTIFS('Props Tracker'!$D$5:$D$204,">="&$A18,'Props Tracker'!$I$5:$I$204,1)/(COUNTIFS('Props Tracker'!$D$5:$D$204,">="&$A18,'Props Tracker'!$I$5:$I$204,1)+COUNTIFS('Props Tracker'!$D$5:$D$204,">="&$A18,'Props Tracker'!$I$5:$I$204,0)),"0.0%")) -> 2/3 66.7% | E18: =SUMIFS('Props Tracker'!$M$5:$M$204,'Props Tracker'!$D$5:$D$204,">="&$A18) -> 4.19 | F18: =IF((COUNTIFS('Props Tracker'!$D$5:$D$204,">="&$A18,'Props Tracker'!$J$5:$J$204,1)+COUNTIFS('Props Tracker'!$D$5:$D$204,">="&$A18,'Props Tracker'!$J$5:$J$204,0))=0,"—",E18/(COUNTIFS('Props Tracker'!$D$5:$D$204,">="&$A18,'Props Tracker'!$J$5:$J$204,1)+COUNTIFS('Props Tracker'!$D$5:$D$204,">="&$A18,'Props Tracker'!$J$5:$J$204,0))) -> 1.3966667 | G18: =IF((COUNTIFS('Props Tracker'!$D$5:$D$204,">="&$A18,'Props Tracker'!$J$5:$J$204,1)+COUNTIFS('Props Tracker'!$D$5:$D$204,">="&$A18,'Props Tracker'!$J$5:$J$204,0))=0,"—",COUNTIFS('Props Tracker'!$D$5:$D$204,">="&$A18,'Props Tracker'!$J$5:$J$204,1)&"/"&(COUNTIFS('Props Tracker'!$D$5:$D$204,">="&$A18,'Props Tracker'!$J$5:$J$204,1)+COUNTIFS('Props Tracker'!$D$5:$D$204,">="&$A18,'Props Tracker'!$J$5:$J$204,0))&" "&TEXT(COUNTIFS('Props Tracker'!$D$5:$D$204,">="&$A18,'Props Tracker'!$J$5:$J$204,1)/(COUNTIFS('Props Tracker'!$D$5:$D$204,">="&$A18,'Props Tracker'!$J$5:$J$204,1)+COUNTIFS('Props Tracker'!$D$5:$D$204,">="&$A18,'Props Tracker'!$J$5:$J$204,0)),"0.0%")) -> 2/3 66.7% | H18: =SUMIFS('Props Tracker'!$N$5:$N$204,'Props Tracker'!$D$5:$D$204,">="&$A18) -> 9.2 | I18: =IF((COUNTIFS('Props Tracker'!$D$5:$D$204,">="&$A18,'Props Tracker'!$K$5:$K$204,1)+COUNTIFS('Props Tracker'!$D$5:$D$204,">="&$A18,'Props Tracker'!$K$5:$K$204,0))=0,"—",H18/(COUNTIFS('Props Tracker'!$D$5:$D$204,">="&$A18,'Props Tracker'!$K$5:$K$204,1)+COUNTIFS('Props Tracker'!$D$5:$D$204,">="&$A18,'Props Tracker'!$K$5:$K$204,0))) -> 3.0666667 | J18: =IF((COUNTIFS('Props Tracker'!$D$5:$D$204,">="&$A18,'Props Tracker'!$K$5:$K$204,1)+COUNTIFS('Props Tracker'!$D$5:$D$204,">="&$A18,'Props Tracker'!$K$5:$K$204,0))=0,"—",COUNTIFS('Props Tracker'!$D$5:$D$204,">="&$A18,'Props Tracker'!$K$5:$K$204,1)&"/"&(COUNTIFS('Props Tracker'!$D$5:$D$204,">="&$A18,'Props Tracker'!$K$5:$K$204,1)+COUNTIFS('Props Tracker'!$D$5:$D$204,">="&$A18,'Props Tracker'!$K$5:$K$204,0))&" "&TEXT(COUNTIFS('Props Tracker'!$D$5:$D$204,">="&$A18,'Props Tracker'!$K$5:$K$204,1)/(COUNTIFS('Props Tracker'!$D$5:$D$204,">="&$A18,'Props Tracker'!$K$5:$K$204,1)+COUNTIFS('Props Tracker'!$D$5:$D$204,">="&$A18,'Props Tracker'!$K$5:$K$204,0)),"0.0%")) -> 1/3 33.3% | K18: =SUMIFS('Props Tracker'!$X$5:$X$204,'Props Tracker'!$D$5:$D$204,">="&$A18) -> 1.275092 | L18: =IF((COUNTIFS('Props Tracker'!$D$5:$D$204,">="&$A18,'Props Tracker'!$W$5:$W$204,1)+COUNTIFS('Props Tracker'!$D$5:$D$204,">="&$A18,'Props Tracker'!$W$5:$W$204,0))=0,"—",K18/(COUNTIFS('Props Tracker'!$D$5:$D$204,">="&$A18,'Props Tracker'!$W$5:$W$204,1)+COUNTIFS('Props Tracker'!$D$5:$D$204,">="&$A18,'Props Tracker'!$W$5:$W$204,0))) -> 0.42503066 | M18: =IF((COUNTIFS('Props Tracker'!$D$5:$D$204,">="&$A18,'Props Tracker'!$W$5:$W$204,1)+COUNTIFS('Props Tracker'!$D$5:$D$204,">="&$A18,'Props Tracker'!$W$5:$W$204,0))=0,"—",COUNTIFS('Props Tracker'!$D$5:$D$204,">="&$A18,'Props Tracker'!$W$5:$W$204,1)&"/"&(COUNTIFS('Props Tracker'!$D$5:$D$204,">="&$A18,'Props Tracker'!$W$5:$W$204,1)+COUNTIFS('Props Tracker'!$D$5:$D$204,">="&$A18,'Props Tracker'!$W$5:$W$204,0))&" "&TEXT(COUNTIFS('Props Tracker'!$D$5:$D$204,">="&$A18,'Props Tracker'!$W$5:$W$204,1)/(COUNTIFS('Props Tracker'!$D$5:$D$204,">="&$A18,'Props Tracker'!$W$5:$W$204,1)+COUNTIFS('Props Tracker'!$D$5:$D$204,">="&$A18,'Props Tracker'!$W$5:$W$204,0)),"0.0%")) -> 3/3 100.0% | N18: =SUM(B18,E18,H18,K18) -> 20.375092
A19: 170 | B19: =SUMIFS('Props Tracker'!$L$5:$L$204,'Props Tracker'!$D$5:$D$204,">="&$A19) -> 2.91 | C19: =IF((COUNTIFS('Props Tracker'!$D$5:$D$204,">="&$A19,'Props Tracker'!$I$5:$I$204,1)+COUNTIFS('Props Tracker'!$D$5:$D$204,">="&$A19,'Props Tracker'!$I$5:$I$204,0))=0,"—",B19/(COUNTIFS('Props Tracker'!$D$5:$D$204,">="&$A19,'Props Tracker'!$I$5:$I$204,1)+COUNTIFS('Props Tracker'!$D$5:$D$204,">="&$A19,'Props Tracker'!$I$5:$I$204,0))) -> 1.455 | D19: =IF((COUNTIFS('Props Tracker'!$D$5:$D$204,">="&$A19,'Props Tracker'!$I$5:$I$204,1)+COUNTIFS('Props Tracker'!$D$5:$D$204,">="&$A19,'Props Tracker'!$I$5:$I$204,0))=0,"—",COUNTIFS('Props Tracker'!$D$5:$D$204,">="&$A19,'Props Tracker'!$I$5:$I$204,1)&"/"&(COUNTIFS('Props Tracker'!$D$5:$D$204,">="&$A19,'Props Tracker'!$I$5:$I$204,1)+COUNTIFS('Props Tracker'!$D$5:$D$204,">="&$A19,'Props Tracker'!$I$5:$I$204,0))&" "&TEXT(COUNTIFS('Props Tracker'!$D$5:$D$204,">="&$A19,'Props Tracker'!$I$5:$I$204,1)/(COUNTIFS('Props Tracker'!$D$5:$D$204,">="&$A19,'Props Tracker'!$I$5:$I$204,1)+COUNTIFS('Props Tracker'!$D$5:$D$204,">="&$A19,'Props Tracker'!$I$5:$I$204,0)),"0.0%")) -> 1/2 50.0% | E19: =SUMIFS('Props Tracker'!$M$5:$M$204,'Props Tracker'!$D$5:$D$204,">="&$A19) -> 1.76 | F19: =IF((COUNTIFS('Props Tracker'!$D$5:$D$204,">="&$A19,'Props Tracker'!$J$5:$J$204,1)+COUNTIFS('Props Tracker'!$D$5:$D$204,">="&$A19,'Props Tracker'!$J$5:$J$204,0))=0,"—",E19/(COUNTIFS('Props Tracker'!$D$5:$D$204,">="&$A19,'Props Tracker'!$J$5:$J$204,1)+COUNTIFS('Props Tracker'!$D$5:$D$204,">="&$A19,'Props Tracker'!$J$5:$J$204,0))) -> 0.88 | G19: =IF((COUNTIFS('Props Tracker'!$D$5:$D$204,">="&$A19,'Props Tracker'!$J$5:$J$204,1)+COUNTIFS('Props Tracker'!$D$5:$D$204,">="&$A19,'Props Tracker'!$J$5:$J$204,0))=0,"—",COUNTIFS('Props Tracker'!$D$5:$D$204,">="&$A19,'Props Tracker'!$J$5:$J$204,1)&"/"&(COUNTIFS('Props Tracker'!$D$5:$D$204,">="&$A19,'Props Tracker'!$J$5:$J$204,1)+COUNTIFS('Props Tracker'!$D$5:$D$204,">="&$A19,'Props Tracker'!$J$5:$J$204,0))&" "&TEXT(COUNTIFS('Props Tracker'!$D$5:$D$204,">="&$A19,'Props Tracker'!$J$5:$J$204,1)/(COUNTIFS('Props Tracker'!$D$5:$D$204,">="&$A19,'Props Tracker'!$J$5:$J$204,1)+COUNTIFS('Props Tracker'!$D$5:$D$204,">="&$A19,'Props Tracker'!$J$5:$J$204,0)),"0.0%")) -> 1/2 50.0% | H19: =SUMIFS('Props Tracker'!$N$5:$N$204,'Props Tracker'!$D$5:$D$204,">="&$A19) -> -2 | I19: =IF((COUNTIFS('Props Tracker'!$D$5:$D$204,">="&$A19,'Props Tracker'!$K$5:$K$204,1)+COUNTIFS('Props Tracker'!$D$5:$D$204,">="&$A19,'Props Tracker'!$K$5:$K$204,0))=0,"—",H19/(COUNTIFS('Props Tracker'!$D$5:$D$204,">="&$A19,'Props Tracker'!$K$5:$K$204,1)+COUNTIFS('Props Tracker'!$D$5:$D$204,">="&$A19,'Props Tracker'!$K$5:$K$204,0))) -> -1 | J19: =IF((COUNTIFS('Props Tracker'!$D$5:$D$204,">="&$A19,'Props Tracker'!$K$5:$K$204,1)+COUNTIFS('Props Tracker'!$D$5:$D$204,">="&$A19,'Props Tracker'!$K$5:$K$204,0))=0,"—",COUNTIFS('Props Tracker'!$D$5:$D$204,">="&$A19,'Props Tracker'!$K$5:$K$204,1)&"/"&(COUNTIFS('Props Tracker'!$D$5:$D$204,">="&$A19,'Props Tracker'!$K$5:$K$204,1)+COUNTIFS('Props Tracker'!$D$5:$D$204,">="&$A19,'Props Tracker'!$K$5:$K$204,0))&" "&TEXT(COUNTIFS('Props Tracker'!$D$5:$D$204,">="&$A19,'Props Tracker'!$K$5:$K$204,1)/(COUNTIFS('Props Tracker'!$D$5:$D$204,">="&$A19,'Props Tracker'!$K$5:$K$204,1)+COUNTIFS('Props Tracker'!$D$5:$D$204,">="&$A19,'Props Tracker'!$K$5:$K$204,0)),"0.0%")) -> 0/2 0.0% | K19: =SUMIFS('Props Tracker'!$X$5:$X$204,'Props Tracker'!$D$5:$D$204,">="&$A19) -> 0.83649549 | L19: =IF((COUNTIFS('Props Tracker'!$D$5:$D$204,">="&$A19,'Props Tracker'!$W$5:$W$204,1)+COUNTIFS('Props Tracker'!$D$5:$D$204,">="&$A19,'Props Tracker'!$W$5:$W$204,0))=0,"—",K19/(COUNTIFS('Props Tracker'!$D$5:$D$204,">="&$A19,'Props Tracker'!$W$5:$W$204,1)+COUNTIFS('Props Tracker'!$D$5:$D$204,">="&$A19,'Props Tracker'!$W$5:$W$204,0))) -> 0.41824774 | M19: =IF((COUNTIFS('Props Tracker'!$D$5:$D$204,">="&$A19,'Props Tracker'!$W$5:$W$204,1)+COUNTIFS('Props Tracker'!$D$5:$D$204,">="&$A19,'Props Tracker'!$W$5:$W$204,0))=0,"—",COUNTIFS('Props Tracker'!$D$5:$D$204,">="&$A19,'Props Tracker'!$W$5:$W$204,1)&"/"&(COUNTIFS('Props Tracker'!$D$5:$D$204,">="&$A19,'Props Tracker'!$W$5:$W$204,1)+COUNTIFS('Props Tracker'!$D$5:$D$204,">="&$A19,'Props Tracker'!$W$5:$W$204,0))&" "&TEXT(COUNTIFS('Props Tracker'!$D$5:$D$204,">="&$A19,'Props Tracker'!$W$5:$W$204,1)/(COUNTIFS('Props Tracker'!$D$5:$D$204,">="&$A19,'Props Tracker'!$W$5:$W$204,1)+COUNTIFS('Props Tracker'!$D$5:$D$204,">="&$A19,'Props Tracker'!$W$5:$W$204,0)),"0.0%")) -> 2/2 100.0% | N19: =SUM(B19,E19,H19,K19) -> 3.5064955
A20: 172 | B20: =SUMIFS('Props Tracker'!$L$5:$L$204,'Props Tracker'!$D$5:$D$204,">="&$A20) -> -1 | C20: =IF((COUNTIFS('Props Tracker'!$D$5:$D$204,">="&$A20,'Props Tracker'!$I$5:$I$204,1)+COUNTIFS('Props Tracker'!$D$5:$D$204,">="&$A20,'Props Tracker'!$I$5:$I$204,0))=0,"—",B20/(COUNTIFS('Props Tracker'!$D$5:$D$204,">="&$A20,'Props Tracker'!$I$5:$I$204,1)+COUNTIFS('Props Tracker'!$D$5:$D$204,">="&$A20,'Props Tracker'!$I$5:$I$204,0))) -> -1 | D20: =IF((COUNTIFS('Props Tracker'!$D$5:$D$204,">="&$A20,'Props Tracker'!$I$5:$I$204,1)+COUNTIFS('Props Tracker'!$D$5:$D$204,">="&$A20,'Props Tracker'!$I$5:$I$204,0))=0,"—",COUNTIFS('Props Tracker'!$D$5:$D$204,">="&$A20,'Props Tracker'!$I$5:$I$204,1)&"/"&(COUNTIFS('Props Tracker'!$D$5:$D$204,">="&$A20,'Props Tracker'!$I$5:$I$204,1)+COUNTIFS('Props Tracker'!$D$5:$D$204,">="&$A20,'Props Tracker'!$I$5:$I$204,0))&" "&TEXT(COUNTIFS('Props Tracker'!$D$5:$D$204,">="&$A20,'Props Tracker'!$I$5:$I$204,1)/(COUNTIFS('Props Tracker'!$D$5:$D$204,">="&$A20,'Props Tracker'!$I$5:$I$204,1)+COUNTIFS('Props Tracker'!$D$5:$D$204,">="&$A20,'Props Tracker'!$I$5:$I$204,0)),"0.0%")) -> 0/1 0.0% | E20: =SUMIFS('Props Tracker'!$M$5:$M$204,'Props Tracker'!$D$5:$D$204,">="&$A20) -> 2.76 | F20: =IF((COUNTIFS('Props Tracker'!$D$5:$D$204,">="&$A20,'Props Tracker'!$J$5:$J$204,1)+COUNTIFS('Props Tracker'!$D$5:$D$204,">="&$A20,'Props Tracker'!$J$5:$J$204,0))=0,"—",E20/(COUNTIFS('Props Tracker'!$D$5:$D$204,">="&$A20,'Props Tracker'!$J$5:$J$204,1)+COUNTIFS('Props Tracker'!$D$5:$D$204,">="&$A20,'Props Tracker'!$J$5:$J$204,0))) -> 2.76 | G20: =IF((COUNTIFS('Props Tracker'!$D$5:$D$204,">="&$A20,'Props Tracker'!$J$5:$J$204,1)+COUNTIFS('Props Tracker'!$D$5:$D$204,">="&$A20,'Props Tracker'!$J$5:$J$204,0))=0,"—",COUNTIFS('Props Tracker'!$D$5:$D$204,">="&$A20,'Props Tracker'!$J$5:$J$204,1)&"/"&(COUNTIFS('Props Tracker'!$D$5:$D$204,">="&$A20,'Props Tracker'!$J$5:$J$204,1)+COUNTIFS('Props Tracker'!$D$5:$D$204,">="&$A20,'Props Tracker'!$J$5:$J$204,0))&" "&TEXT(COUNTIFS('Props Tracker'!$D$5:$D$204,">="&$A20,'Props Tracker'!$J$5:$J$204,1)/(COUNTIFS('Props Tracker'!$D$5:$D$204,">="&$A20,'Props Tracker'!$J$5:$J$204,1)+COUNTIFS('Props Tracker'!$D$5:$D$204,">="&$A20,'Props Tracker'!$J$5:$J$204,0)),"0.0%")) -> 1/1 100.0% | H20: =SUMIFS('Props Tracker'!$N$5:$N$204,'Props Tracker'!$D$5:$D$204,">="&$A20) -> -1 | I20: =IF((COUNTIFS('Props Tracker'!$D$5:$D$204,">="&$A20,'Props Tracker'!$K$5:$K$204,1)+COUNTIFS('Props Tracker'!$D$5:$D$204,">="&$A20,'Props Tracker'!$K$5:$K$204,0))=0,"—",H20/(COUNTIFS('Props Tracker'!$D$5:$D$204,">="&$A20,'Props Tracker'!$K$5:$K$204,1)+COUNTIFS('Props Tracker'!$D$5:$D$204,">="&$A20,'Props Tracker'!$K$5:$K$204,0))) -> -1 | J20: =IF((COUNTIFS('Props Tracker'!$D$5:$D$204,">="&$A20,'Props Tracker'!$K$5:$K$204,1)+COUNTIFS('Props Tracker'!$D$5:$D$204,">="&$A20,'Props Tracker'!$K$5:$K$204,0))=0,"—",COUNTIFS('Props Tracker'!$D$5:$D$204,">="&$A20,'Props Tracker'!$K$5:$K$204,1)&"/"&(COUNTIFS('Props Tracker'!$D$5:$D$204,">="&$A20,'Props Tracker'!$K$5:$K$204,1)+COUNTIFS('Props Tracker'!$D$5:$D$204,">="&$A20,'Props Tracker'!$K$5:$K$204,0))&" "&TEXT(COUNTIFS('Props Tracker'!$D$5:$D$204,">="&$A20,'Props Tracker'!$K$5:$K$204,1)/(COUNTIFS('Props Tracker'!$D$5:$D$204,">="&$A20,'Props Tracker'!$K$5:$K$204,1)+COUNTIFS('Props Tracker'!$D$5:$D$204,">="&$A20,'Props Tracker'!$K$5:$K$204,0)),"0.0%")) -> 0/1 0.0% | K20: =SUMIFS('Props Tracker'!$X$5:$X$204,'Props Tracker'!$D$5:$D$204,">="&$A20) -> 0.49751244 | L20: =IF((COUNTIFS('Props Tracker'!$D$5:$D$204,">="&$A20,'Props Tracker'!$W$5:$W$204,1)+COUNTIFS('Props Tracker'!$D$5:$D$204,">="&$A20,'Props Tracker'!$W$5:$W$204,0))=0,"—",K20/(COUNTIFS('Props Tracker'!$D$5:$D$204,">="&$A20,'Props Tracker'!$W$5:$W$204,1)+COUNTIFS('Props Tracker'!$D$5:$D$204,">="&$A20,'Props Tracker'!$W$5:$W$204,0))) -> 0.49751244 | M20: =IF((COUNTIFS('Props Tracker'!$D$5:$D$204,">="&$A20,'Props Tracker'!$W$5:$W$204,1)+COUNTIFS('Props Tracker'!$D$5:$D$204,">="&$A20,'Props Tracker'!$W$5:$W$204,0))=0,"—",COUNTIFS('Props Tracker'!$D$5:$D$204,">="&$A20,'Props Tracker'!$W$5:$W$204,1)&"/"&(COUNTIFS('Props Tracker'!$D$5:$D$204,">="&$A20,'Props Tracker'!$W$5:$W$204,1)+COUNTIFS('Props Tracker'!$D$5:$D$204,">="&$A20,'Props Tracker'!$W$5:$W$204,0))&" "&TEXT(COUNTIFS('Props Tracker'!$D$5:$D$204,">="&$A20,'Props Tracker'!$W$5:$W$204,1)/(COUNTIFS('Props Tracker'!$D$5:$D$204,">="&$A20,'Props Tracker'!$W$5:$W$204,1)+COUNTIFS('Props Tracker'!$D$5:$D$204,">="&$A20,'Props Tracker'!$W$5:$W$204,0)),"0.0%")) -> 1/1 100.0% | N20: =SUM(B20,E20,H20,K20) -> 1.2575124
A21: 174 | B21: =SUMIFS('Props Tracker'!$L$5:$L$204,'Props Tracker'!$D$5:$D$204,">="&$A21) -> 0 | C21: =IF((COUNTIFS('Props Tracker'!$D$5:$D$204,">="&$A21,'Props Tracker'!$I$5:$I$204,1)+COUNTIFS('Props Tracker'!$D$5:$D$204,">="&$A21,'Props Tracker'!$I$5:$I$204,0))=0,"—",B21/(COUNTIFS('Props Tracker'!$D$5:$D$204,">="&$A21,'Props Tracker'!$I$5:$I$204,1)+COUNTIFS('Props Tracker'!$D$5:$D$204,">="&$A21,'Props Tracker'!$I$5:$I$204,0))) -> — | D21: =IF((COUNTIFS('Props Tracker'!$D$5:$D$204,">="&$A21,'Props Tracker'!$I$5:$I$204,1)+COUNTIFS('Props Tracker'!$D$5:$D$204,">="&$A21,'Props Tracker'!$I$5:$I$204,0))=0,"—",COUNTIFS('Props Tracker'!$D$5:$D$204,">="&$A21,'Props Tracker'!$I$5:$I$204,1)&"/"&(COUNTIFS('Props Tracker'!$D$5:$D$204,">="&$A21,'Props Tracker'!$I$5:$I$204,1)+COUNTIFS('Props Tracker'!$D$5:$D$204,">="&$A21,'Props Tracker'!$I$5:$I$204,0))&" "&TEXT(COUNTIFS('Props Tracker'!$D$5:$D$204,">="&$A21,'Props Tracker'!$I$5:$I$204,1)/(COUNTIFS('Props Tracker'!$D$5:$D$204,">="&$A21,'Props Tracker'!$I$5:$I$204,1)+COUNTIFS('Props Tracker'!$D$5:$D$204,">="&$A21,'Props Tracker'!$I$5:$I$204,0)),"0.0%")) -> — | E21: =SUMIFS('Props Tracker'!$M$5:$M$204,'Props Tracker'!$D$5:$D$204,">="&$A21) -> 0 | F21: =IF((COUNTIFS('Props Tracker'!$D$5:$D$204,">="&$A21,'Props Tracker'!$J$5:$J$204,1)+COUNTIFS('Props Tracker'!$D$5:$D$204,">="&$A21,'Props Tracker'!$J$5:$J$204,0))=0,"—",E21/(COUNTIFS('Props Tracker'!$D$5:$D$204,">="&$A21,'Props Tracker'!$J$5:$J$204,1)+COUNTIFS('Props Tracker'!$D$5:$D$204,">="&$A21,'Props Tracker'!$J$5:$J$204,0))) -> — | G21: =IF((COUNTIFS('Props Tracker'!$D$5:$D$204,">="&$A21,'Props Tracker'!$J$5:$J$204,1)+COUNTIFS('Props Tracker'!$D$5:$D$204,">="&$A21,'Props Tracker'!$J$5:$J$204,0))=0,"—",COUNTIFS('Props Tracker'!$D$5:$D$204,">="&$A21,'Props Tracker'!$J$5:$J$204,1)&"/"&(COUNTIFS('Props Tracker'!$D$5:$D$204,">="&$A21,'Props Tracker'!$J$5:$J$204,1)+COUNTIFS('Props Tracker'!$D$5:$D$204,">="&$A21,'Props Tracker'!$J$5:$J$204,0))&" "&TEXT(COUNTIFS('Props Tracker'!$D$5:$D$204,">="&$A21,'Props Tracker'!$J$5:$J$204,1)/(COUNTIFS('Props Tracker'!$D$5:$D$204,">="&$A21,'Props Tracker'!$J$5:$J$204,1)+COUNTIFS('Props Tracker'!$D$5:$D$204,">="&$A21,'Props Tracker'!$J$5:$J$204,0)),"0.0%")) -> — | H21: =SUMIFS('Props Tracker'!$N$5:$N$204,'Props Tracker'!$D$5:$D$204,">="&$A21) -> 0 | I21: =IF((COUNTIFS('Props Tracker'!$D$5:$D$204,">="&$A21,'Props Tracker'!$K$5:$K$204,1)+COUNTIFS('Props Tracker'!$D$5:$D$204,">="&$A21,'Props Tracker'!$K$5:$K$204,0))=0,"—",H21/(COUNTIFS('Props Tracker'!$D$5:$D$204,">="&$A21,'Props Tracker'!$K$5:$K$204,1)+COUNTIFS('Props Tracker'!$D$5:$D$204,">="&$A21,'Props Tracker'!$K$5:$K$204,0))) -> — | J21: =IF((COUNTIFS('Props Tracker'!$D$5:$D$204,">="&$A21,'Props Tracker'!$K$5:$K$204,1)+COUNTIFS('Props Tracker'!$D$5:$D$204,">="&$A21,'Props Tracker'!$K$5:$K$204,0))=0,"—",COUNTIFS('Props Tracker'!$D$5:$D$204,">="&$A21,'Props Tracker'!$K$5:$K$204,1)&"/"&(COUNTIFS('Props Tracker'!$D$5:$D$204,">="&$A21,'Props Tracker'!$K$5:$K$204,1)+COUNTIFS('Props Tracker'!$D$5:$D$204,">="&$A21,'Props Tracker'!$K$5:$K$204,0))&" "&TEXT(COUNTIFS('Props Tracker'!$D$5:$D$204,">="&$A21,'Props Tracker'!$K$5:$K$204,1)/(COUNTIFS('Props Tracker'!$D$5:$D$204,">="&$A21,'Props Tracker'!$K$5:$K$204,1)+COUNTIFS('Props Tracker'!$D$5:$D$204,">="&$A21,'Props Tracker'!$K$5:$K$204,0)),"0.0%")) -> — | K21: =SUMIFS('Props Tracker'!$X$5:$X$204,'Props Tracker'!$D$5:$D$204,">="&$A21) -> 0 | L21: =IF((COUNTIFS('Props Tracker'!$D$5:$D$204,">="&$A21,'Props Tracker'!$W$5:$W$204,1)+COUNTIFS('Props Tracker'!$D$5:$D$204,">="&$A21,'Props Tracker'!$W$5:$W$204,0))=0,"—",K21/(COUNTIFS('Props Tracker'!$D$5:$D$204,">="&$A21,'Props Tracker'!$W$5:$W$204,1)+COUNTIFS('Props Tracker'!$D$5:$D$204,">="&$A21,'Props Tracker'!$W$5:$W$204,0))) -> — | M21: =IF((COUNTIFS('Props Tracker'!$D$5:$D$204,">="&$A21,'Props Tracker'!$W$5:$W$204,1)+COUNTIFS('Props Tracker'!$D$5:$D$204,">="&$A21,'Props Tracker'!$W$5:$W$204,0))=0,"—",COUNTIFS('Props Tracker'!$D$5:$D$204,">="&$A21,'Props Tracker'!$W$5:$W$204,1)&"/"&(COUNTIFS('Props Tracker'!$D$5:$D$204,">="&$A21,'Props Tracker'!$W$5:$W$204,1)+COUNTIFS('Props Tracker'!$D$5:$D$204,">="&$A21,'Props Tracker'!$W$5:$W$204,0))&" "&TEXT(COUNTIFS('Props Tracker'!$D$5:$D$204,">="&$A21,'Props Tracker'!$W$5:$W$204,1)/(COUNTIFS('Props Tracker'!$D$5:$D$204,">="&$A21,'Props Tracker'!$W$5:$W$204,1)+COUNTIFS('Props Tracker'!$D$5:$D$204,">="&$A21,'Props Tracker'!$W$5:$W$204,0)),"0.0%")) -> — | N21: =SUM(B21,E21,H21,K21) -> 0
A22: 176 | B22: =SUMIFS('Props Tracker'!$L$5:$L$204,'Props Tracker'!$D$5:$D$204,">="&$A22) -> 0 | C22: =IF((COUNTIFS('Props Tracker'!$D$5:$D$204,">="&$A22,'Props Tracker'!$I$5:$I$204,1)+COUNTIFS('Props Tracker'!$D$5:$D$204,">="&$A22,'Props Tracker'!$I$5:$I$204,0))=0,"—",B22/(COUNTIFS('Props Tracker'!$D$5:$D$204,">="&$A22,'Props Tracker'!$I$5:$I$204,1)+COUNTIFS('Props Tracker'!$D$5:$D$204,">="&$A22,'Props Tracker'!$I$5:$I$204,0))) -> — | D22: =IF((COUNTIFS('Props Tracker'!$D$5:$D$204,">="&$A22,'Props Tracker'!$I$5:$I$204,1)+COUNTIFS('Props Tracker'!$D$5:$D$204,">="&$A22,'Props Tracker'!$I$5:$I$204,0))=0,"—",COUNTIFS('Props Tracker'!$D$5:$D$204,">="&$A22,'Props Tracker'!$I$5:$I$204,1)&"/"&(COUNTIFS('Props Tracker'!$D$5:$D$204,">="&$A22,'Props Tracker'!$I$5:$I$204,1)+COUNTIFS('Props Tracker'!$D$5:$D$204,">="&$A22,'Props Tracker'!$I$5:$I$204,0))&" "&TEXT(COUNTIFS('Props Tracker'!$D$5:$D$204,">="&$A22,'Props Tracker'!$I$5:$I$204,1)/(COUNTIFS('Props Tracker'!$D$5:$D$204,">="&$A22,'Props Tracker'!$I$5:$I$204,1)+COUNTIFS('Props Tracker'!$D$5:$D$204,">="&$A22,'Props Tracker'!$I$5:$I$204,0)),"0.0%")) -> — | E22: =SUMIFS('Props Tracker'!$M$5:$M$204,'Props Tracker'!$D$5:$D$204,">="&$A22) -> 0 | F22: =IF((COUNTIFS('Props Tracker'!$D$5:$D$204,">="&$A22,'Props Tracker'!$J$5:$J$204,1)+COUNTIFS('Props Tracker'!$D$5:$D$204,">="&$A22,'Props Tracker'!$J$5:$J$204,0))=0,"—",E22/(COUNTIFS('Props Tracker'!$D$5:$D$204,">="&$A22,'Props Tracker'!$J$5:$J$204,1)+COUNTIFS('Props Tracker'!$D$5:$D$204,">="&$A22,'Props Tracker'!$J$5:$J$204,0))) -> — | G22: =IF((COUNTIFS('Props Tracker'!$D$5:$D$204,">="&$A22,'Props Tracker'!$J$5:$J$204,1)+COUNTIFS('Props Tracker'!$D$5:$D$204,">="&$A22,'Props Tracker'!$J$5:$J$204,0))=0,"—",COUNTIFS('Props Tracker'!$D$5:$D$204,">="&$A22,'Props Tracker'!$J$5:$J$204,1)&"/"&(COUNTIFS('Props Tracker'!$D$5:$D$204,">="&$A22,'Props Tracker'!$J$5:$J$204,1)+COUNTIFS('Props Tracker'!$D$5:$D$204,">="&$A22,'Props Tracker'!$J$5:$J$204,0))&" "&TEXT(COUNTIFS('Props Tracker'!$D$5:$D$204,">="&$A22,'Props Tracker'!$J$5:$J$204,1)/(COUNTIFS('Props Tracker'!$D$5:$D$204,">="&$A22,'Props Tracker'!$J$5:$J$204,1)+COUNTIFS('Props Tracker'!$D$5:$D$204,">="&$A22,'Props Tracker'!$J$5:$J$204,0)),"0.0%")) -> — | H22: =SUMIFS('Props Tracker'!$N$5:$N$204,'Props Tracker'!$D$5:$D$204,">="&$A22) -> 0 | I22: =IF((COUNTIFS('Props Tracker'!$D$5:$D$204,">="&$A22,'Props Tracker'!$K$5:$K$204,1)+COUNTIFS('Props Tracker'!$D$5:$D$204,">="&$A22,'Props Tracker'!$K$5:$K$204,0))=0,"—",H22/(COUNTIFS('Props Tracker'!$D$5:$D$204,">="&$A22,'Props Tracker'!$K$5:$K$204,1)+COUNTIFS('Props Tracker'!$D$5:$D$204,">="&$A22,'Props Tracker'!$K$5:$K$204,0))) -> — | J22: =IF((COUNTIFS('Props Tracker'!$D$5:$D$204,">="&$A22,'Props Tracker'!$K$5:$K$204,1)+COUNTIFS('Props Tracker'!$D$5:$D$204,">="&$A22,'Props Tracker'!$K$5:$K$204,0))=0,"—",COUNTIFS('Props Tracker'!$D$5:$D$204,">="&$A22,'Props Tracker'!$K$5:$K$204,1)&"/"&(COUNTIFS('Props Tracker'!$D$5:$D$204,">="&$A22,'Props Tracker'!$K$5:$K$204,1)+COUNTIFS('Props Tracker'!$D$5:$D$204,">="&$A22,'Props Tracker'!$K$5:$K$204,0))&" "&TEXT(COUNTIFS('Props Tracker'!$D$5:$D$204,">="&$A22,'Props Tracker'!$K$5:$K$204,1)/(COUNTIFS('Props Tracker'!$D$5:$D$204,">="&$A22,'Props Tracker'!$K$5:$K$204,1)+COUNTIFS('Props Tracker'!$D$5:$D$204,">="&$A22,'Props Tracker'!$K$5:$K$204,0)),"0.0%")) -> — | K22: =SUMIFS('Props Tracker'!$X$5:$X$204,'Props Tracker'!$D$5:$D$204,">="&$A22) -> 0 | L22: =IF((COUNTIFS('Props Tracker'!$D$5:$D$204,">="&$A22,'Props Tracker'!$W$5:$W$204,1)+COUNTIFS('Props Tracker'!$D$5:$D$204,">="&$A22,'Props Tracker'!$W$5:$W$204,0))=0,"—",K22/(COUNTIFS('Props Tracker'!$D$5:$D$204,">="&$A22,'Props Tracker'!$W$5:$W$204,1)+COUNTIFS('Props Tracker'!$D$5:$D$204,">="&$A22,'Props Tracker'!$W$5:$W$204,0))) -> — | M22: =IF((COUNTIFS('Props Tracker'!$D$5:$D$204,">="&$A22,'Props Tracker'!$W$5:$W$204,1)+COUNTIFS('Props Tracker'!$D$5:$D$204,">="&$A22,'Props Tracker'!$W$5:$W$204,0))=0,"—",COUNTIFS('Props Tracker'!$D$5:$D$204,">="&$A22,'Props Tracker'!$W$5:$W$204,1)&"/"&(COUNTIFS('Props Tracker'!$D$5:$D$204,">="&$A22,'Props Tracker'!$W$5:$W$204,1)+COUNTIFS('Props Tracker'!$D$5:$D$204,">="&$A22,'Props Tracker'!$W$5:$W$204,0))&" "&TEXT(COUNTIFS('Props Tracker'!$D$5:$D$204,">="&$A22,'Props Tracker'!$W$5:$W$204,1)/(COUNTIFS('Props Tracker'!$D$5:$D$204,">="&$A22,'Props Tracker'!$W$5:$W$204,1)+COUNTIFS('Props Tracker'!$D$5:$D$204,">="&$A22,'Props Tracker'!$W$5:$W$204,0)),"0.0%")) -> — | N22: =SUM(B22,E22,H22,K22) -> 0
A23: 178 | B23: =SUMIFS('Props Tracker'!$L$5:$L$204,'Props Tracker'!$D$5:$D$204,">="&$A23) -> 0 | C23: =IF((COUNTIFS('Props Tracker'!$D$5:$D$204,">="&$A23,'Props Tracker'!$I$5:$I$204,1)+COUNTIFS('Props Tracker'!$D$5:$D$204,">="&$A23,'Props Tracker'!$I$5:$I$204,0))=0,"—",B23/(COUNTIFS('Props Tracker'!$D$5:$D$204,">="&$A23,'Props Tracker'!$I$5:$I$204,1)+COUNTIFS('Props Tracker'!$D$5:$D$204,">="&$A23,'Props Tracker'!$I$5:$I$204,0))) -> — | D23: =IF((COUNTIFS('Props Tracker'!$D$5:$D$204,">="&$A23,'Props Tracker'!$I$5:$I$204,1)+COUNTIFS('Props Tracker'!$D$5:$D$204,">="&$A23,'Props Tracker'!$I$5:$I$204,0))=0,"—",COUNTIFS('Props Tracker'!$D$5:$D$204,">="&$A23,'Props Tracker'!$I$5:$I$204,1)&"/"&(COUNTIFS('Props Tracker'!$D$5:$D$204,">="&$A23,'Props Tracker'!$I$5:$I$204,1)+COUNTIFS('Props Tracker'!$D$5:$D$204,">="&$A23,'Props Tracker'!$I$5:$I$204,0))&" "&TEXT(COUNTIFS('Props Tracker'!$D$5:$D$204,">="&$A23,'Props Tracker'!$I$5:$I$204,1)/(COUNTIFS('Props Tracker'!$D$5:$D$204,">="&$A23,'Props Tracker'!$I$5:$I$204,1)+COUNTIFS('Props Tracker'!$D$5:$D$204,">="&$A23,'Props Tracker'!$I$5:$I$204,0)),"0.0%")) -> — | E23: =SUMIFS('Props Tracker'!$M$5:$M$204,'Props Tracker'!$D$5:$D$204,">="&$A23) -> 0 | F23: =IF((COUNTIFS('Props Tracker'!$D$5:$D$204,">="&$A23,'Props Tracker'!$J$5:$J$204,1)+COUNTIFS('Props Tracker'!$D$5:$D$204,">="&$A23,'Props Tracker'!$J$5:$J$204,0))=0,"—",E23/(COUNTIFS('Props Tracker'!$D$5:$D$204,">="&$A23,'Props Tracker'!$J$5:$J$204,1)+COUNTIFS('Props Tracker'!$D$5:$D$204,">="&$A23,'Props Tracker'!$J$5:$J$204,0))) -> — | G23: =IF((COUNTIFS('Props Tracker'!$D$5:$D$204,">="&$A23,'Props Tracker'!$J$5:$J$204,1)+COUNTIFS('Props Tracker'!$D$5:$D$204,">="&$A23,'Props Tracker'!$J$5:$J$204,0))=0,"—",COUNTIFS('Props Tracker'!$D$5:$D$204,">="&$A23,'Props Tracker'!$J$5:$J$204,1)&"/"&(COUNTIFS('Props Tracker'!$D$5:$D$204,">="&$A23,'Props Tracker'!$J$5:$J$204,1)+COUNTIFS('Props Tracker'!$D$5:$D$204,">="&$A23,'Props Tracker'!$J$5:$J$204,0))&" "&TEXT(COUNTIFS('Props Tracker'!$D$5:$D$204,">="&$A23,'Props Tracker'!$J$5:$J$204,1)/(COUNTIFS('Props Tracker'!$D$5:$D$204,">="&$A23,'Props Tracker'!$J$5:$J$204,1)+COUNTIFS('Props Tracker'!$D$5:$D$204,">="&$A23,'Props Tracker'!$J$5:$J$204,0)),"0.0%")) -> — | H23: =SUMIFS('Props Tracker'!$N$5:$N$204,'Props Tracker'!$D$5:$D$204,">="&$A23) -> 0 | I23: =IF((COUNTIFS('Props Tracker'!$D$5:$D$204,">="&$A23,'Props Tracker'!$K$5:$K$204,1)+COUNTIFS('Props Tracker'!$D$5:$D$204,">="&$A23,'Props Tracker'!$K$5:$K$204,0))=0,"—",H23/(COUNTIFS('Props Tracker'!$D$5:$D$204,">="&$A23,'Props Tracker'!$K$5:$K$204,1)+COUNTIFS('Props Tracker'!$D$5:$D$204,">="&$A23,'Props Tracker'!$K$5:$K$204,0))) -> — | J23: =IF((COUNTIFS('Props Tracker'!$D$5:$D$204,">="&$A23,'Props Tracker'!$K$5:$K$204,1)+COUNTIFS('Props Tracker'!$D$5:$D$204,">="&$A23,'Props Tracker'!$K$5:$K$204,0))=0,"—",COUNTIFS('Props Tracker'!$D$5:$D$204,">="&$A23,'Props Tracker'!$K$5:$K$204,1)&"/"&(COUNTIFS('Props Tracker'!$D$5:$D$204,">="&$A23,'Props Tracker'!$K$5:$K$204,1)+COUNTIFS('Props Tracker'!$D$5:$D$204,">="&$A23,'Props Tracker'!$K$5:$K$204,0))&" "&TEXT(COUNTIFS('Props Tracker'!$D$5:$D$204,">="&$A23,'Props Tracker'!$K$5:$K$204,1)/(COUNTIFS('Props Tracker'!$D$5:$D$204,">="&$A23,'Props Tracker'!$K$5:$K$204,1)+COUNTIFS('Props Tracker'!$D$5:$D$204,">="&$A23,'Props Tracker'!$K$5:$K$204,0)),"0.0%")) -> — | K23: =SUMIFS('Props Tracker'!$X$5:$X$204,'Props Tracker'!$D$5:$D$204,">="&$A23) -> 0 | L23: =IF((COUNTIFS('Props Tracker'!$D$5:$D$204,">="&$A23,'Props Tracker'!$W$5:$W$204,1)+COUNTIFS('Props Tracker'!$D$5:$D$204,">="&$A23,'Props Tracker'!$W$5:$W$204,0))=0,"—",K23/(COUNTIFS('Props Tracker'!$D$5:$D$204,">="&$A23,'Props Tracker'!$W$5:$W$204,1)+COUNTIFS('Props Tracker'!$D$5:$D$204,">="&$A23,'Props Tracker'!$W$5:$W$204,0))) -> — | M23: =IF((COUNTIFS('Props Tracker'!$D$5:$D$204,">="&$A23,'Props Tracker'!$W$5:$W$204,1)+COUNTIFS('Props Tracker'!$D$5:$D$204,">="&$A23,'Props Tracker'!$W$5:$W$204,0))=0,"—",COUNTIFS('Props Tracker'!$D$5:$D$204,">="&$A23,'Props Tracker'!$W$5:$W$204,1)&"/"&(COUNTIFS('Props Tracker'!$D$5:$D$204,">="&$A23,'Props Tracker'!$W$5:$W$204,1)+COUNTIFS('Props Tracker'!$D$5:$D$204,">="&$A23,'Props Tracker'!$W$5:$W$204,0))&" "&TEXT(COUNTIFS('Props Tracker'!$D$5:$D$204,">="&$A23,'Props Tracker'!$W$5:$W$204,1)/(COUNTIFS('Props Tracker'!$D$5:$D$204,">="&$A23,'Props Tracker'!$W$5:$W$204,1)+COUNTIFS('Props Tracker'!$D$5:$D$204,">="&$A23,'Props Tracker'!$W$5:$W$204,0)),"0.0%")) -> — | N23: =SUM(B23,E23,H23,K23) -> 0
A24: 180 | B24: =SUMIFS('Props Tracker'!$L$5:$L$204,'Props Tracker'!$D$5:$D$204,">="&$A24) -> 0 | C24: =IF((COUNTIFS('Props Tracker'!$D$5:$D$204,">="&$A24,'Props Tracker'!$I$5:$I$204,1)+COUNTIFS('Props Tracker'!$D$5:$D$204,">="&$A24,'Props Tracker'!$I$5:$I$204,0))=0,"—",B24/(COUNTIFS('Props Tracker'!$D$5:$D$204,">="&$A24,'Props Tracker'!$I$5:$I$204,1)+COUNTIFS('Props Tracker'!$D$5:$D$204,">="&$A24,'Props Tracker'!$I$5:$I$204,0))) -> — | D24: =IF((COUNTIFS('Props Tracker'!$D$5:$D$204,">="&$A24,'Props Tracker'!$I$5:$I$204,1)+COUNTIFS('Props Tracker'!$D$5:$D$204,">="&$A24,'Props Tracker'!$I$5:$I$204,0))=0,"—",COUNTIFS('Props Tracker'!$D$5:$D$204,">="&$A24,'Props Tracker'!$I$5:$I$204,1)&"/"&(COUNTIFS('Props Tracker'!$D$5:$D$204,">="&$A24,'Props Tracker'!$I$5:$I$204,1)+COUNTIFS('Props Tracker'!$D$5:$D$204,">="&$A24,'Props Tracker'!$I$5:$I$204,0))&" "&TEXT(COUNTIFS('Props Tracker'!$D$5:$D$204,">="&$A24,'Props Tracker'!$I$5:$I$204,1)/(COUNTIFS('Props Tracker'!$D$5:$D$204,">="&$A24,'Props Tracker'!$I$5:$I$204,1)+COUNTIFS('Props Tracker'!$D$5:$D$204,">="&$A24,'Props Tracker'!$I$5:$I$204,0)),"0.0%")) -> — | E24: =SUMIFS('Props Tracker'!$M$5:$M$204,'Props Tracker'!$D$5:$D$204,">="&$A24) -> 0 | F24: =IF((COUNTIFS('Props Tracker'!$D$5:$D$204,">="&$A24,'Props Tracker'!$J$5:$J$204,1)+COUNTIFS('Props Tracker'!$D$5:$D$204,">="&$A24,'Props Tracker'!$J$5:$J$204,0))=0,"—",E24/(COUNTIFS('Props Tracker'!$D$5:$D$204,">="&$A24,'Props Tracker'!$J$5:$J$204,1)+COUNTIFS('Props Tracker'!$D$5:$D$204,">="&$A24,'Props Tracker'!$J$5:$J$204,0))) -> — | G24: =IF((COUNTIFS('Props Tracker'!$D$5:$D$204,">="&$A24,'Props Tracker'!$J$5:$J$204,1)+COUNTIFS('Props Tracker'!$D$5:$D$204,">="&$A24,'Props Tracker'!$J$5:$J$204,0))=0,"—",COUNTIFS('Props Tracker'!$D$5:$D$204,">="&$A24,'Props Tracker'!$J$5:$J$204,1)&"/"&(COUNTIFS('Props Tracker'!$D$5:$D$204,">="&$A24,'Props Tracker'!$J$5:$J$204,1)+COUNTIFS('Props Tracker'!$D$5:$D$204,">="&$A24,'Props Tracker'!$J$5:$J$204,0))&" "&TEXT(COUNTIFS('Props Tracker'!$D$5:$D$204,">="&$A24,'Props Tracker'!$J$5:$J$204,1)/(COUNTIFS('Props Tracker'!$D$5:$D$204,">="&$A24,'Props Tracker'!$J$5:$J$204,1)+COUNTIFS('Props Tracker'!$D$5:$D$204,">="&$A24,'Props Tracker'!$J$5:$J$204,0)),"0.0%")) -> — | H24: =SUMIFS('Props Tracker'!$N$5:$N$204,'Props Tracker'!$D$5:$D$204,">="&$A24) -> 0 | I24: =IF((COUNTIFS('Props Tracker'!$D$5:$D$204,">="&$A24,'Props Tracker'!$K$5:$K$204,1)+COUNTIFS('Props Tracker'!$D$5:$D$204,">="&$A24,'Props Tracker'!$K$5:$K$204,0))=0,"—",H24/(COUNTIFS('Props Tracker'!$D$5:$D$204,">="&$A24,'Props Tracker'!$K$5:$K$204,1)+COUNTIFS('Props Tracker'!$D$5:$D$204,">="&$A24,'Props Tracker'!$K$5:$K$204,0))) -> — | J24: =IF((COUNTIFS('Props Tracker'!$D$5:$D$204,">="&$A24,'Props Tracker'!$K$5:$K$204,1)+COUNTIFS('Props Tracker'!$D$5:$D$204,">="&$A24,'Props Tracker'!$K$5:$K$204,0))=0,"—",COUNTIFS('Props Tracker'!$D$5:$D$204,">="&$A24,'Props Tracker'!$K$5:$K$204,1)&"/"&(COUNTIFS('Props Tracker'!$D$5:$D$204,">="&$A24,'Props Tracker'!$K$5:$K$204,1)+COUNTIFS('Props Tracker'!$D$5:$D$204,">="&$A24,'Props Tracker'!$K$5:$K$204,0))&" "&TEXT(COUNTIFS('Props Tracker'!$D$5:$D$204,">="&$A24,'Props Tracker'!$K$5:$K$204,1)/(COUNTIFS('Props Tracker'!$D$5:$D$204,">="&$A24,'Props Tracker'!$K$5:$K$204,1)+COUNTIFS('Props Tracker'!$D$5:$D$204,">="&$A24,'Props Tracker'!$K$5:$K$204,0)),"0.0%")) -> — | K24: =SUMIFS('Props Tracker'!$X$5:$X$204,'Props Tracker'!$D$5:$D$204,">="&$A24) -> 0 | L24: =IF((COUNTIFS('Props Tracker'!$D$5:$D$204,">="&$A24,'Props Tracker'!$W$5:$W$204,1)+COUNTIFS('Props Tracker'!$D$5:$D$204,">="&$A24,'Props Tracker'!$W$5:$W$204,0))=0,"—",K24/(COUNTIFS('Props Tracker'!$D$5:$D$204,">="&$A24,'Props Tracker'!$W$5:$W$204,1)+COUNTIFS('Props Tracker'!$D$5:$D$204,">="&$A24,'Props Tracker'!$W$5:$W$204,0))) -> — | M24: =IF((COUNTIFS('Props Tracker'!$D$5:$D$204,">="&$A24,'Props Tracker'!$W$5:$W$204,1)+COUNTIFS('Props Tracker'!$D$5:$D$204,">="&$A24,'Props Tracker'!$W$5:$W$204,0))=0,"—",COUNTIFS('Props Tracker'!$D$5:$D$204,">="&$A24,'Props Tracker'!$W$5:$W$204,1)&"/"&(COUNTIFS('Props Tracker'!$D$5:$D$204,">="&$A24,'Props Tracker'!$W$5:$W$204,1)+COUNTIFS('Props Tracker'!$D$5:$D$204,">="&$A24,'Props Tracker'!$W$5:$W$204,0))&" "&TEXT(COUNTIFS('Props Tracker'!$D$5:$D$204,">="&$A24,'Props Tracker'!$W$5:$W$204,1)/(COUNTIFS('Props Tracker'!$D$5:$D$204,">="&$A24,'Props Tracker'!$W$5:$W$204,1)+COUNTIFS('Props Tracker'!$D$5:$D$204,">="&$A24,'Props Tracker'!$W$5:$W$204,0)),"0.0%")) -> — | N24: =SUM(B24,E24,H24,K24) -> 0
A26: Realized P&L at flat $1/bet · % Profit = ROI · W/B = wins/bets · cumulative for picks with score ≥ threshold.
